AD	Andorra la Vella	103	0	0	0	0	0
AD	Canillo	1	0	0	0	0	0
AD	Encamp	8	0	0	0	0	0
AD	Escaldes-Engordany	65	0	0	0	0	0
AD	La Massana	5	0	0	0	0	0
AD	Sant Julià de Loria	3	0	0	0	0	0
AD	Unknown	1	0	0	0	0	0
AE	Abu Dhabi	1119	0	0	0	0	0
AE	Ajman	52	0	0	0	0	0
AE	Al Fujayrah	16	0	0	0	0	0
AE	Ash Shariqah	326	0	0	0	0	0
AE	Dubai	4171	0	0	0	0	0
AE	Ra's al Khaymah	62	0	0	0	0	0
AE	Unknown	313	0	0	0	0	0
AF	Kabul	89	1	0	0	0	0
AF	Unknown	252	0	0	0	0	0
AF	Wardak	6	0	0	0	0	0
AG	Parish of Saint John	50	0	0	0	0	0
AG	Unknown	3	0	0	0	0	0
AI	Unknown	7	0	0	0	0	0
AL	Qarku i Beratit	25	0	0	0	0	0
AL	Qarku i Durresit	151	0	0	0	0	0
AL	Qarku i Elbasanit	45	0	0	0	0	0
AL	Qarku i Fierit	66	0	0	0	0	0
AL	Qarku i Gjirokastres	26	0	0	0	0	0
AL	Qarku i Korces	9	0	0	0	0	0
AL	Qarku i Kukesit	19	0	0	0	0	0
AL	Qarku i Lezhes	10	0	0	0	0	0
AL	Qarku i Shkodres	166	0	0	0	0	0
AL	Qarku i Tiranes	2333	0	0	0	0	0
AL	Qarku i Vlores	99	0	0	0	0	0
AL	Unknown	2948	0	0	0	0	0
AM	Aragatsotn Province	1	0	0	0	0	0
AM	Ararat Province	3	0	0	0	0	0
AM	Armavir Province	6	0	0	0	0	0
AM	Kotayk Province	50	0	0	0	0	0
AM	Lori Province	39	0	0	0	0	0
AM	Shirak Province	22	0	0	0	0	0
AM	Syunik Province	2	0	0	0	0	0
AM	Unknown	276	0	0	0	0	0
AM	Yerevan	1467	0	0	0	0	0
AO	Benguela	1	0	0	0	0	0
AO	Cabinda	1	0	0	0	0	0
AO	Cuanza Norte Province	2	0	0	0	0	0
AO	Huambo	2	0	0	0	0	0
AO	Kuando Kubango	10	0	0	0	0	0
AO	Luanda Province	139	0	0	0	0	0
AO	Lunda Sul	1	0	0	0	0	0
AO	Unknown	85	0	0	0	0	0
AR	Buenos Aires	2036	0	0	0	0	0
AR	Buenos Aires F.D.	3371	0	0	0	0	0
AR	Chaco	29	0	0	0	0	0
AR	Chubut	46	0	0	0	0	0
AR	Cordoba	448	0	0	0	1	0
AR	Corrientes	34	0	0	0	0	0
AR	Entre Rios	343	0	0	0	0	0
AR	Formosa	10	0	0	0	0	0
AR	La Pampa	30	0	0	0	0	0
AR	Mendoza	238	0	0	0	0	0
AR	Neuquen	88	0	0	0	0	0
AR	Provincia de Catamarca	1	0	0	0	0	0
AR	Provincia de Jujuy	673	0	0	0	0	0
AR	Provincia de La Rioja	9	0	0	0	0	0
AR	Provincia de Misiones	29	0	0	0	0	0
AR	Provincia de San Juan	12	0	0	0	0	0
AR	Provincia de San Luis	34	0	0	0	0	0
AR	Provincia de Tucuman	72	0	0	0	0	0
AR	Rio Negro	40	0	0	0	0	0
AR	Salta	68	0	0	0	0	0
AR	Santa Cruz	18	0	0	0	0	0
AR	Santa Fe	229	0	0	0	0	0
AR	Santiago del Estero	33	0	0	0	0	0
AR	Tierra del Fuego	29	0	0	0	0	0
AR	Unknown	564	0	0	0	0	0
AS	Eastern District	3	0	0	0	0	0
AT	Burgenland	256	0	0	0	0	0
AT	Carinthia	608	0	0	0	0	0
AT	Lower Austria	1372	0	0	0	0	0
AT	Salzburg	1917	0	0	0	1	0
AT	Styria	1653	0	0	0	0	0
AT	Tyrol	1721	0	0	0	0	0
AT	Unknown	3410	0	0	0	0	0
AT	Upper Austria	1568	0	0	0	0	0
AT	Vienna	10674	1	0	0	0	0
AT	Vorarlberg	930	0	0	0	0	0
AU	Australian Capital Territory	681	1	0	0	0	0
AU	New South Wales	8970	0	1	0	0	0
AU	Northern Territory	52	0	0	0	0	0
AU	Queensland	5674	0	0	0	0	0
AU	South Australia	1071	0	0	0	0	0
AU	Tasmania	222	0	0	0	0	0
AU	Unknown	433	0	0	0	0	0
AU	Victoria	5779	0	0	0	0	0
AU	Western Australia	2348	0	0	0	0	0
AW	Unknown	137	0	0	0	0	0
AX	Alands landsbygd	1893	0	0	0	0	0
AX	Mariehamns stad	48746	2	2	1	0	0
AX	Unknown	12826	2	1	0	3	0
AZ	Absheron Rayon	5	0	0	0	0	0
AZ	Baku City	1480	0	0	0	0	0
AZ	Ganja City	1	0	0	0	0	0
AZ	Khachmaz Rayon	1	0	0	0	0	0
AZ	Nakhichevan	31	0	0	0	0	0
AZ	Quba Rayon	1	0	0	0	0	0
AZ	Sumqayit City	49	0	0	0	0	0
AZ	Unknown	266	0	0	0	0	0
BA	Brčko	77	0	0	0	0	0
BA	Federation of Bosnia and Herzegovina	2634	0	0	0	0	0
BA	Republika Srpska	966	0	0	0	0	0
BA	Unknown	304	0	0	0	0	0
BB	Christ Church	2	0	0	0	0	0
BB	Saint George	1	0	0	0	0	0
BB	Saint James	9	0	0	0	0	0
BB	Saint Lucy	13	0	0	0	0	0
BB	Saint Michael	150	0	0	0	0	0
BB	Saint Philip	2	0	0	0	0	0
BD	Chittagong	62	0	0	0	0	0
BD	Dhaka Division	994	0	0	0	0	0
BD	Khulna Division	12	0	0	0	0	0
BD	Rajshahi Division	12	0	0	0	0	0
BD	Sylhet Division	6	0	0	0	0	0
BD	Unknown	248	0	0	0	0	0
BE	Antwerp Province	3	0	0	0	0	0
BE	Brussels Capital	12919	1	0	0	0	0
BE	Flanders	12266	1	0	0	0	0
BE	Unknown	5181	2	0	0	0	0
BE	Wallonia	3539	0	0	1	0	0
BF	Centre	60	0	0	0	0	0
BF	High-Basins Region	3	0	0	0	0	0
BF	Unknown	17	0	0	0	0	0
BG	Blagoevgrad	458	0	0	0	0	0
BG	Burgas	246	0	0	0	0	0
BG	Gabrovo	56	0	0	0	0	0
BG	Lovech	31	0	0	0	0	0
BG	Oblast Dobrich	56	0	0	0	0	0
BG	Oblast Khaskovo	76	0	0	0	0	0
BG	Oblast Kurdzhali	137	0	0	0	0	0
BG	Oblast Kyustendil	21	0	0	0	0	0
BG	Oblast Montana	50	0	0	0	0	0
BG	Oblast Pleven	128	0	0	0	0	0
BG	Oblast Razgrad	29	0	0	0	0	0
BG	Oblast Ruse	121	0	0	0	0	0
BG	Oblast Shumen	58	0	0	0	0	0
BG	Oblast Silistra	30	0	0	0	0	0
BG	Oblast Sliven	63	0	0	0	0	0
BG	Oblast Smolyan	19	0	0	0	0	0
BG	Oblast Stara Zagora	152	0	0	0	0	0
BG	Oblast Turgovishte	33	0	0	0	0	0
BG	Oblast Veliko Turnovo	120	0	0	0	0	0
BG	Oblast Vidin	39	0	0	0	0	0
BG	Oblast Vratsa	61	0	0	0	0	0
BG	Oblast Yambol	39	0	0	0	0	0
BG	Pazardzhik	54	0	0	0	0	0
BG	Pernik	25	0	0	0	0	0
BG	Plovdiv	414	0	0	0	0	0
BG	Sofia-Capital	3773	0	0	0	0	0
BG	Sofiya	56	0	0	0	0	0
BG	Unknown	1367	0	0	0	0	0
BG	Varna	441	0	0	0	0	0
BH	Central Governorate	3	0	0	0	0	0
BH	Manama	161	0	0	0	0	0
BH	Muharraq	3	0	0	0	0	0
BH	Southern Governorate	6	0	0	0	0	0
BH	Unknown	45	0	0	0	0	0
BI	Bujumbura Mairie Province	23	0	0	0	0	0
BI	Unknown	18	0	0	0	0	0
BJ	Borgou Department	1	0	0	0	0	0
BJ	Departement de l'Oueme	1	0	0	0	0	0
BJ	Littoral	128	0	0	0	0	0
BJ	Unknown	5	0	0	0	0	0
BL	Unknown	45	0	0	0	0	0
BM	Hamilton city	84	0	0	0	0	0
BM	Unknown	1	0	0	0	0	0
BN	Belait District	1	0	0	0	0	0
BN	Brunei and Muara District	99	0	0	0	0	0
BN	Tutong District	4	0	0	0	0	0
BO	Departamento de Chuquisaca	10	0	0	0	0	0
BO	Departamento de Cochabamba	252	0	0	0	0	0
BO	Departamento de La Paz	646	0	0	0	0	0
BO	Departamento de Pando	2	0	0	0	0	0
BO	Departamento de Potosi	19	0	0	0	0	0
BO	Departamento de Santa Cruz	77	0	0	0	0	0
BO	Departamento de Tarija	3	0	0	0	0	0
BO	El Beni	104	0	0	0	0	0
BO	Oruro	5	0	0	0	0	0
BO	Unknown	4	0	0	0	0	0
BQ	Bonaire	38	0	0	0	0	0
BQ	Sint Eustatius	1	0	0	0	0	0
BQ	Unknown	6	0	0	0	0	0
BR	Acre	22	0	0	0	0	0
BR	Alagoas	78	0	0	0	0	0
BR	Amapa	17	0	0	0	0	0
BR	Amazonas	182	0	0	0	0	0
BR	Bahia	698	0	0	0	0	0
BR	Ceara	119	0	0	0	0	0
BR	Espirito Santo	356	0	0	0	0	0
BR	Federal District	649	0	0	0	0	0
BR	Goias	302	0	0	0	0	0
BR	Maranhao	276	0	0	0	0	0
BR	Mato Grosso	134	0	0	0	0	0
BR	Mato Grosso do Sul	2079	0	0	0	0	0
BR	Minas Gerais	1424	0	0	0	0	0
BR	Para	234	0	0	0	0	0
BR	Paraíba	253	0	0	0	0	0
BR	Parana	1185	0	0	0	0	0
BR	Pernambuco	522	0	0	0	0	0
BR	Piaui	499	0	0	0	0	0
BR	Rio de Janeiro	2873	0	0	0	0	0
BR	Rio Grande do Norte	896	0	0	0	0	0
BR	Rio Grande do Sul	1177	0	0	0	0	0
BR	Rondonia	559	0	0	0	0	0
BR	Santa Catarina	893	0	0	0	0	0
BR	Sao Paulo	7084	0	0	0	0	0
BR	Sergipe	84	0	0	0	0	0
BR	Tocantins	126	0	0	0	0	0
BR	Unknown	1201	0	0	0	0	0
BS	Central Abaco District	2	0	0	0	0	0
BS	City of Freeport District	373	0	0	0	0	0
BS	Harbour Island	1	0	0	0	0	0
BS	New Providence District	115	0	0	0	0	0
BS	North Andros District	1	0	0	0	0	0
BS	Unknown	1	0	0	0	0	0
BT	Chhukha Dzongkhag	19	0	0	0	0	0
BT	Thimphu Dzongkhag	29	0	0	0	0	0
BT	Unknown	1	0	0	0	0	0
BW	Central District	4	0	0	0	0	0
BW	North West District	1	0	0	0	0	0
BW	South East District	84	0	0	0	0	0
BW	Unknown	4	0	0	0	0	0
BY	Brest	41	0	0	0	0	0
BY	Gomel	74	0	0	0	0	0
BY	Grodnenskaya	174	0	0	0	0	0
BY	Minsk	2041	0	0	0	0	0
BY	Mogilev	120	0	0	0	0	0
BY	Unknown	147	0	0	0	0	0
BY	Vitebsk	154	0	0	0	0	0
BZ	Belize District	33	0	0	0	0	0
BZ	Cayo District	8	0	0	0	0	0
BZ	Corozal District	9	0	0	0	0	0
BZ	Stann Creek District	1	0	0	0	0	0
BZ	Toledo District	2	0	0	0	0	0
BZ	Unknown	4	0	0	0	0	0
CA	Alberta	2377	1	0	0	0	0
CA	British Columbia	5642	1	0	0	0	0
CA	Manitoba	632	0	0	0	0	0
CA	New Brunswick	372	0	0	0	0	0
CA	Newfoundland and Labrador	189	0	0	0	0	0
CA	Northwest Territories	22	0	0	0	0	0
CA	Nova Scotia	635	0	0	0	0	0
CA	Nunavut	1	0	0	0	0	0
CA	Ontario	32752	4	0	1	4	1
CA	Prince Edward Island	80	0	0	0	0	0
CA	Quebec	228257	9	1	1	2	2
CA	Saskatchewan	529	0	0	0	0	0
CA	Unknown	744	0	0	0	0	0
CA	Yukon	22	0	0	0	0	0
CD	Katanga Province	30	0	0	0	0	0
CD	Kinshasa City	52	0	0	0	0	0
CD	South Kivu Province	1	0	0	0	0	0
CD	Unknown	87	0	0	0	0	0
CF	Unknown	11	0	0	0	0	0
CG	Commune de Brazzaville	9	0	0	0	0	0
CG	Unknown	5	0	0	0	0	0
CH	Aargau	1551	0	0	0	0	0
CH	Appenzell Ausserrhoden	31	0	0	0	0	0
CH	Appenzell Innerrhoden	8	0	0	0	0	0
CH	Basel-City	1605	0	2	0	0	0
CH	Basel-Landschaft	770	0	0	0	0	0
CH	Bern	2323	0	0	0	0	0
CH	Fribourg	532	0	0	0	0	0
CH	Geneva	2738	0	0	0	0	0
CH	Glarus	29	0	0	0	0	0
CH	Grisons	275	0	0	0	0	0
CH	Jura	23	0	0	0	0	0
CH	Lucerne	1401	0	0	0	0	0
CH	Neuchâtel	289	0	0	0	0	0
CH	Nidwalden	45	0	0	0	0	0
CH	Obwalden	481	0	0	0	0	0
CH	Saint Gallen	946	0	1	0	0	0
CH	Schaffhausen	124	0	0	0	0	0
CH	Schwyz	218	0	0	0	0	0
CH	Solothurn	737	0	0	0	0	0
CH	Thurgau	272	0	0	0	0	0
CH	Ticino	529	0	0	0	0	0
CH	Unknown	9254	1	1	0	0	0
CH	Uri	17	0	0	0	0	0
CH	Valais	798	0	0	0	0	0
CH	Vaud	4950	0	0	2	0	0
CH	Zug	545	0	0	0	0	0
CH	Zurich	11392	0	0	0	0	0
CI	Lagunes	175	0	0	0	0	0
CI	Unknown	150	0	0	0	0	0
CK	Unknown	17	0	0	0	0	0
CL	Antofagasta	83	0	0	0	0	0
CL	Atacama	21	0	0	0	0	0
CL	Aysen	5	0	0	0	0	0
CL	Coquimbo	99	0	0	0	0	0
CL	Los Lagos	106	0	0	0	0	0
CL	Maule	65	0	0	0	0	0
CL	Region de Arica y Parinacota	75	0	0	0	0	0
CL	Region de la Araucania	67	0	0	0	0	0
CL	Region del Biobio	331	0	0	0	0	0
CL	Region del Libertador General Bernardo O'Higgins	67	0	0	0	0	0
CL	Region de Los Rios	106	0	0	0	0	0
CL	Region de Magallanes y de la Antartica Chilena	16	0	0	0	0	0
CL	Region de Valparaiso	785	0	0	0	0	0
CL	Santiago Metropolitan	3490	0	0	0	0	0
CL	Tarapacá	40	0	0	0	0	0
CL	Unknown	118	0	0	0	0	0
CM	Centre	62	0	0	0	0	0
CM	Littoral	34	0	0	0	0	0
CM	North Region	2	0	0	0	0	0
CM	South-West Region	2	0	0	0	0	0
CM	Unknown	85	0	0	0	0	0
CM	West	2	0	0	0	0	0
CN	Anhui Sheng	5615	0	0	0	0	0
CN	Beijing Shi	11587	0	0	0	0	0
CN	Chongqing Shi	1019	0	0	0	0	0
CN	Fujian	4604	0	0	0	0	0
CN	Gansu Sheng	290	0	0	0	0	0
CN	Guangdong	23534	0	0	0	0	1
CN	Guangxi Zhuangzu Zizhiqu	1194	0	0	0	0	0
CN	Guizhou Sheng	1126	0	0	0	0	0
CN	Hainan	178	0	0	0	0	0
CN	Hebei	3646	0	0	0	0	0
CN	Heilongjiang Sheng	1693	0	0	0	0	0
CN	Henan Sheng	9218	0	0	0	0	0
CN	Hubei	2629	0	0	0	0	0
CN	Hunan	4496	0	0	0	0	0
CN	Inner Mongolia	1954	0	0	0	0	0
CN	Jiangsu Sheng	6348	0	0	0	0	0
CN	Jiangxi Sheng	2421	0	0	0	0	0
CN	Jilin Sheng	800	0	0	0	0	0
CN	Liaoning	3083	0	0	0	0	0
CN	Ningxia Huizu Zizhiqu	27	0	0	0	0	0
CN	Qinghai Sheng	41	0	0	0	0	0
CN	Shaanxi	1490	0	0	0	0	0
CN	Shandong Sheng	3839	0	0	0	0	0
CN	Shanghai Shi	5456	0	0	0	0	0
CN	Shanxi Sheng	942	0	0	0	0	0
CN	Sichuan Sheng	2396	0	0	0	0	0
CN	Tianjin Shi	1268	0	0	0	0	0
CN	Tibet Autonomous Region	5	0	0	0	0	0
CN	Unknown	3844	0	0	0	0	0
CN	Xinjiang Uygur Zizhiqu	4341	0	0	0	0	0
CN	Yunnan	4325	0	0	0	0	0
CN	Zhejiang Sheng	91779	0	0	0	0	0
CO	Antioquia	1202	1	0	0	0	0
CO	Atlántico	84	0	0	0	0	0
CO	Bogota D.C.	2427	0	0	0	0	0
CO	Cundinamarca	17	0	0	0	0	0
CO	Departamento de Bolivar	14	0	0	0	0	0
CO	Departamento de Boyaca	12	0	0	0	0	0
CO	Departamento de Caldas	60	0	0	0	0	0
CO	Departamento de Casanare	16	0	0	0	0	0
CO	Departamento de Cordoba	16	0	0	0	0	0
CO	Departamento del Cesar	9	0	0	0	0	0
CO	Departamento del Guainia	1	0	0	0	0	0
CO	Departamento del Huila	1	0	0	0	0	0
CO	Departamento del Magdalena	21	0	0	0	0	0
CO	Departamento del Meta	43	0	0	0	0	0
CO	Departamento del Putumayo	1	0	0	0	0	0
CO	Departamento del Valle del Cauca	325	0	0	0	0	0
CO	Departamento de Narino	21	0	0	0	0	0
CO	Departamento de Norte de Santander	14	0	0	0	0	0
CO	Departamento de Risaralda	136	0	0	0	0	0
CO	Departamento de Santander	87	0	0	0	0	0
CO	Departamento de Sucre	1	0	0	0	0	0
CO	Departamento de Tolima	35	0	0	0	0	0
CO	Providencia y Santa Catalina, Departamento de Archipielago de San Andres	3	0	0	0	0	0
CO	Quindio Department	21	0	0	0	0	0
CO	Unknown	771	0	0	0	0	0
CR	Provincia de Alajuela	136	0	0	0	0	0
CR	Provincia de Cartago	123	0	0	0	0	0
CR	Provincia de Guanacaste	117	0	0	0	0	0
CR	Provincia de Heredia	147	0	0	0	0	0
CR	Provincia de Limon	10	0	0	0	0	0
CR	Provincia de Puntarenas	86	0	0	0	0	0
CR	Provincia de San Jose	888	0	0	0	0	0
CR	Unknown	89	0	0	0	0	0
CU	Provincia de Camagueey	149	0	0	0	0	0
CU	Provincia de Ciego de Avila	32	0	0	0	0	0
CU	Provincia de Matanzas	19	0	0	0	0	0
CU	Provincia de Santiago de Cuba	2	0	0	0	0	0
CU	Unknown	10	0	0	0	0	0
CV	Concelho de Sao Domingos	71	0	0	0	0	0
CV	Unknown	136	0	0	0	0	0
CW	Unknown	176	0	0	0	0	0
CY	Ammochostos	7	0	0	0	0	0
CY	Keryneia	1	0	0	0	0	0
CY	Larnaka	117	0	0	0	0	0
CY	Lefkosia	896	0	0	0	0	0
CY	Limassol	713	0	0	0	0	0
CY	Pafos	168	0	0	0	0	0
CY	Unknown	1038	0	0	0	0	0
CZ	Central Bohemia	1134	0	0	0	0	0
CZ	Hlavni mesto Praha	10940	0	0	0	1	0
CZ	Jihocesky kraj	666	0	0	0	0	0
CZ	Karlovarsky kraj	210	0	0	0	0	0
CZ	Kraj Vysocina	450	0	0	0	0	0
CZ	Kralovehradecky kraj	474	0	0	0	0	0
CZ	Liberecky kraj	275	0	0	0	0	0
CZ	Moravskoslezsky kraj	907	0	0	0	0	0
CZ	Olomoucky kraj	776	0	0	0	0	0
CZ	Pardubicky kraj	371	0	0	0	0	0
CZ	Plzensky kraj	697	0	0	0	0	0
CZ	South Moravian	2540	0	0	0	0	0
CZ	Unknown	3729	0	0	0	0	0
CZ	Ustecky kraj	525	0	0	0	0	0
CZ	Zlín	762	0	0	0	0	0
DE	Baden-Württemberg Region	21925	2	3	1	0	0
DE	Bavaria	36171	0	0	0	1	0
DE	Brandenburg	1843	0	0	0	0	0
DE	Bremen	2106	0	0	0	0	0
DE	Hamburg	10388	0	0	0	0	0
DE	Hesse	24913	1	0	1	0	0
DE	Land Berlin	31915	1	0	2	2	0
DE	Lower Saxony	10660	1	1	0	0	0
DE	Mecklenburg-Vorpommern	2157	0	0	0	0	0
DE	North Rhine-Westphalia	31266	0	0	0	0	0
DE	Rheinland-Pfalz	6004	0	0	0	0	0
DE	Saarland	1056	0	0	0	0	0
DE	Saxony	5318	0	0	0	0	0
DE	Saxony-Anhalt	2171	0	0	0	0	0
DE	Schleswig-Holstein	5838	0	0	0	0	0
DE	Thuringia	2171	0	0	0	0	0
DE	Unknown	345902	3	0	2	1	0
DJ	Unknown	89	0	0	0	0	0
DK	Capital Region	140769	7	3	5	3	0
DK	Central Jutland	29603	0	2	0	1	0
DK	North Denmark	10571	0	0	0	1	0
DK	South Denmark	27399	1	1	0	0	0
DK	Unknown	46767	0	3	1	2	0
DK	Zealand	14485	0	1	0	1	0
DM	Saint Andrew	1	0	0	0	0	0
DM	Saint George	35	0	0	0	0	0
DM	Saint John	1	0	0	0	0	0
DO	Nacional	869	0	0	0	0	0
DO	Provincia de La Altagracia	10	0	0	0	0	0
DO	Provincia de La Romana	4	0	0	0	0	0
DO	Provincia de La Vega	4	0	0	0	0	0
DO	Provincia de San Jose de Ocoa	3	0	0	0	0	0
DO	Provincia de Santiago	57	0	0	0	0	0
DO	Provincia de Valverde	3	0	0	0	0	0
DO	Unknown	24	0	0	0	0	0
DZ	Annaba	25	0	0	0	0	0
DZ	El Oued	5	0	0	0	0	0
DZ	Oran	45	0	0	0	0	0
DZ	Unknown	1862	0	0	0	0	0
DZ	Wilaya d' Alger	288	0	0	0	0	0
DZ	Wilaya de Batna	23	0	0	0	0	0
DZ	Wilaya de Bechar	89	0	0	0	0	0
DZ	Wilaya de Biskra	2	0	0	0	0	0
DZ	Wilaya de Blida	22	0	0	0	0	0
DZ	Wilaya de Bordj Bou Arreridj	1	0	0	0	0	0
DZ	Wilaya de Bouira	10	0	0	0	0	0
DZ	Wilaya de Boumerdes	2	0	0	0	0	0
DZ	Wilaya de Chlef	76	0	0	0	0	0
DZ	Wilaya de Constantine	20	0	0	0	0	0
DZ	Wilaya de Djelfa	42	0	0	0	0	0
DZ	Wilaya de Ghardaia	3	0	0	0	0	0
DZ	Wilaya de Guelma	12	0	0	0	0	0
DZ	Wilaya de Jijel	1	0	0	0	0	0
DZ	Wilaya de Laghouat	3	0	0	0	0	0
DZ	Wilaya de Mascara	3	0	0	0	0	0
DZ	Wilaya de Mila	2	0	0	0	0	0
DZ	Wilaya de M'Sila	1	0	0	0	0	0
DZ	Wilaya de Ouargla	92	0	0	0	0	0
DZ	Wilaya de Saida	7	0	0	0	0	0
DZ	Wilaya de Setif	20	0	0	0	0	0
DZ	Wilaya de Sidi Bel Abbes	4	0	0	0	0	0
DZ	Wilaya de Skikda	1	0	0	0	0	0
DZ	Wilaya de Tamanrasset	3	0	0	0	0	0
DZ	Wilaya de Tebessa	1	0	0	0	0	0
DZ	Wilaya de Tiaret	39	0	0	0	0	0
DZ	Wilaya de Tipaza	51	0	0	0	0	0
DZ	Wilaya de Tissemsilt	3	0	0	0	0	0
DZ	Wilaya de Tizi Ouzou	138	0	0	0	0	0
DZ	Wilaya de Tlemcen	17	0	0	0	0	0
EC	Provincia de Cotopaxi	2	0	0	0	0	0
EC	Provincia de El Oro	22	0	0	0	0	0
EC	Provincia de Esmeraldas	12	0	0	0	0	0
EC	Provincia de Imbabura	20	0	0	0	0	0
EC	Provincia del Azuay	194	0	0	0	0	0
EC	Provincia del Canar	6	0	0	0	0	0
EC	Provincia del Chimborazo	16	0	0	0	0	0
EC	Provincia del Guayas	520	0	0	0	0	0
EC	Provincia de Loja	69	0	0	0	0	0
EC	Provincia de Los Rios	11	0	0	0	0	0
EC	Provincia del Pastaza	4	0	0	0	0	0
EC	Provincia del Tungurahua	157	0	0	0	0	0
EC	Provincia de Manabi	54	0	0	0	0	0
EC	Provincia de Napo	1	0	0	0	0	0
EC	Provincia de Pichincha	1216	0	0	0	0	0
EC	Provincia de Santa Elena	3	0	0	0	0	0
EC	Provincia de Santo Domingo de los Tsachilas	25	0	0	0	0	0
EC	Provincia de Sucumbios	1	0	0	0	0	0
EC	Unknown	40	0	0	0	0	0
EE	Harjumaa	15817	2	0	0	0	1
EE	Hiiumaa	76	0	0	0	0	0
EE	Ida-Virumaa	466	0	0	0	0	0
EE	Järvamaa	958	0	0	0	0	0
EE	Jõgevamaa	52	0	0	0	0	0
EE	Lääne	137	0	0	0	0	0
EE	Lääne-Virumaa	168	0	0	0	0	0
EE	Pärnumaa	289	0	0	0	0	0
EE	Põlvamaa	33	0	0	0	0	0
EE	Raplamaa	97	0	0	0	0	0
EE	Saare	136	0	0	0	0	0
EE	Tartu	1893	0	0	0	0	0
EE	Unknown	1318	0	0	0	0	0
EE	Valgamaa	59	0	0	0	0	0
EE	Viljandimaa	495	0	0	0	0	0
EE	Võrumaa	135	0	0	0	0	0
EG	Alexandria	183	0	0	0	0	0
EG	As Suways	8	0	0	0	0	0
EG	Beheira Governorate	12	0	0	0	0	0
EG	Eastern Province	27	0	0	0	0	0
EG	Ismailia Governorate	8	0	0	0	0	0
EG	Luxor	4	0	0	0	0	0
EG	Muhafazat ad Daqahliyah	65	0	0	0	0	0
EG	Muhafazat al Fayyum	3	0	0	0	0	0
EG	Muhafazat al Gharbiyah	39	0	0	0	0	0
EG	Muhafazat al Jizah	196	0	0	0	0	0
EG	Muhafazat al Minya	16	0	0	0	0	0
EG	Muhafazat al Qahirah	2008	0	1	0	0	0
EG	Muhafazat al Qalyubiyah	14	0	0	0	0	0
EG	Muhafazat Aswan	15	0	0	0	0	0
EG	Muhafazat Asyut	13	0	0	0	0	0
EG	Muhafazat Bani Suwayf	2	0	0	0	0	0
EG	Muhafazat Bur Sa`id	9	0	0	0	0	0
EG	Muhafazat Dumyat	8	0	0	0	0	0
EG	Muhafazat Qina	6	0	0	0	0	0
EG	Muhafazat Suhaj	2	0	0	0	0	0
EG	Red Sea	3	0	0	0	0	0
EG	Unknown	706	0	0	0	0	0
ER	Maekel Region	7	0	0	0	0	0
ER	Unknown	6	0	0	0	0	0
ES	Andalusia	20473	1	0	0	0	0
ES	Aragon	731	0	0	0	0	0
ES	Balearic Islands	4600	0	0	0	0	0
ES	Basque Country	1670	1	0	0	0	0
ES	Canary Islands	8908	0	0	0	0	0
ES	Cantabria	334	0	0	0	0	0
ES	Castille and León	1226	0	0	0	0	0
ES	Castille-La Mancha	766	0	0	0	0	0
ES	Catalonia	31380	2	1	3	0	0
ES	Ceuta	38	0	0	0	0	0
ES	Extremadura	181	0	0	0	0	0
ES	Galicia	1455	0	0	0	0	0
ES	La Rioja	81	0	0	0	0	0
ES	Madrid	13828	0	0	0	0	0
ES	Melilla	20	0	0	0	0	0
ES	Murcia	1640	0	0	0	0	0
ES	Navarre	321	0	0	0	0	0
ES	Principality of Asturias	670	0	0	0	0	0
ES	Unknown	9780	0	0	1	0	0
ES	Valencia	13676	0	0	0	0	0
ET	Adis Abeba Astedader	194	0	0	0	0	0
ET	Afar Region	52	0	0	0	0	0
ET	Amhara	2	0	0	0	0	0
ET	Bīnshangul Gumuz	59	0	0	0	0	0
ET	Dire Dawa	17	0	0	0	0	0
ET	Gambela	19	0	0	0	0	0
ET	Harari Region	51	0	0	0	0	0
ET	Oromiya	15	0	0	0	0	0
ET	Somali	13	0	0	0	0	0
ET	Tigray	25	0	0	0	0	0
ET	Unknown	165	0	0	0	0	0
FI	Central Finland	2034	0	0	0	0	0
FI	Central Ostrobothnia	9599	0	2	0	0	0
FI	Eastern Finland	6996	0	0	0	0	0
FI	Haeme	3415	0	0	0	0	0
FI	Kainuu	449	0	0	0	0	0
FI	Kymenlaakso	3255	0	0	0	0	0
FI	Lapland	2773	0	0	1	0	0
FI	Lapponia	6392	0	0	1	0	0
FI	Northern Ostrobothnia	6861	0	1	0	0	0
FI	Northern Savo	1661	0	0	0	0	0
FI	North Karelia	1632	0	0	0	0	0
FI	Ostrobothnia	66942	0	2	3	0	0
FI	Oulu	907	0	0	0	2	0
FI	Päijänne Tavastia	2766	0	0	0	0	0
FI	Pirkanmaa	10289	1	0	0	0	0
FI	Satakunta	3677	0	0	0	0	0
FI	Southern Finland	9184	1	0	0	0	0
FI	Southern Ostrobothnia	1877	0	0	0	0	0
FI	Southern Savonia	852	0	0	0	0	0
FI	South Karelia	1253	0	0	0	0	0
FI	Southwest Finland	71754	6	2	2	1	0
FI	Unknown	185474	9	9	6	1	0
FI	Uusimaa	287836	30	26	13	13	2
FI	Western Finland	101967	7	1	8	7	0
FJ	Central	105	0	0	0	0	0
FJ	Unknown	27	0	0	0	0	0
FK	Unknown	4	0	0	0	0	0
FM	Unknown	7	0	0	0	0	0
FO	Eysturoy	60	0	0	0	0	0
FO	Norðoyar	56	0	0	0	0	0
FO	Sandoy	2	0	0	0	0	0
FO	Streymoy	1330	0	0	0	0	0
FO	Suðuroy	27	0	0	0	0	0
FO	Unknown	66	0	0	0	0	0
FO	Vágar	9	0	0	0	0	0
FR	Alsace	2548	0	0	0	0	0
FR	Aquitaine	2342	0	0	0	0	0
FR	Auvergne	534	0	0	0	0	0
FR	Bourgogne	1022	0	0	0	0	0
FR	Brittany	3103	0	0	0	0	0
FR	Centre	1506	0	0	0	0	0
FR	Champagne-Ardenne	722	0	0	0	0	0
FR	Corsica	98	0	0	0	0	0
FR	Franche-Comté	620	0	0	0	0	0
FR	Haute-Normandie	1145	0	0	0	0	0
FR	Île-de-France	39210	0	1	1	1	0
FR	Languedoc-Roussillon	3928	0	0	0	0	0
FR	Limousin	270	0	0	0	0	0
FR	Lorraine	1470	0	0	0	0	0
FR	Lower Normandy	808	0	0	0	0	0
FR	Midi-Pyrénées	2840	0	0	0	0	0
FR	Nord-Pas-de-Calais	3904	0	0	0	0	0
FR	Pays de la Loire	1963	0	0	0	0	0
FR	Picardie	787	0	0	0	0	0
FR	Poitou-Charentes	1059	0	0	0	0	0
FR	Provence-Alpes-Côte d'Azur	11258	1	0	0	0	0
FR	Rhône-Alpes	7738	0	0	0	0	0
FR	Unknown	79930	5	0	0	1	0
GA	Estuaire	33	0	0	0	0	0
GA	Province de l'Ogooue-Maritime	1	0	0	0	0	0
GA	Unknown	13	0	0	0	0	0
GB	Aberdeenshire	3	0	0	0	0	0
GB	Dorset	3	0	0	0	0	0
GB	East Sussex	4	0	0	0	0	0
GB	England	119948	4	0	6	4	0
GB	Hampshire	2	0	0	0	0	0
GB	Kent	1	0	0	0	0	0
GB	Lancashire	3	0	0	0	0	0
GB	Northern Ireland	998	0	0	0	0	0
GB	Rhondda Cynon Taf	1	0	0	0	0	0
GB	Scotland	9787	0	1	0	0	0
GB	Shetland Islands	1	0	0	0	0	0
GB	Somerset	1	0	0	0	0	0
GB	Surrey	1	0	0	0	0	0
GB	Unknown	59201	1	0	2	1	0
GB	Wales	2228	0	0	0	0	0
GD	Saint George	21	0	0	0	0	0
GD	Saint John	2	0	0	0	0	0
GD	Unknown	12	0	0	0	0	0
GE	Ajaria	15	0	0	0	0	0
GE	Imereti	5	0	0	0	0	0
GE	Kakheti	2	0	0	0	0	0
GE	K'alak'i T'bilisi	6791	0	0	0	0	0
GE	Kvemo Kartli	1	0	0	0	0	0
GE	Samegrelo and Zemo Svaneti	10	0	0	0	0	0
GE	Samtskhe-Javakheti	1	0	0	0	0	0
GE	Shida Kartli	73	0	0	0	0	0
GE	Unknown	758	0	0	0	0	0
GF	Unknown	55	0	0	0	0	0
GG	Saint Peter Port	32	0	0	0	0	0
GH	Ashanti Region	77	0	0	0	0	0
GH	Brong-Ahafo	3	0	0	0	0	0
GH	Central Region	1	0	0	0	0	0
GH	Greater Accra Region	332	0	0	0	0	0
GH	Unknown	136	0	0	0	0	0
GH	Volta Region	2	0	0	0	0	0
GI	Unknown	530	0	0	0	0	0
GL	Kujalleq	25	0	0	0	0	0
GL	Qaasuitsup	105	0	0	0	0	0
GL	Qeqqata	34	0	0	0	0	0
GL	Sermersooq	317	0	0	0	0	0
GL	Unknown	203	0	0	0	0	0
GM	City of Banjul	31	0	0	0	0	0
GM	Unknown	119	0	0	0	0	0
GN	Conakry Region	6	0	0	0	0	0
GN	Unknown	17	0	0	0	0	0
GP	Unknown	323	0	0	0	0	0
GQ	Provincia de Bioko Norte	2	0	0	0	0	0
GQ	Unknown	3	0	0	0	0	0
GR	Attica	6976	0	0	0	0	0
GR	Central Greece	47	0	0	0	0	0
GR	Central Macedonia	1627	1	0	0	0	0
GR	Crete	311	0	0	0	0	0
GR	East Macedonia and Thrace	280	0	0	0	0	0
GR	Epirus	121	0	0	0	0	0
GR	Ionian Islands	104	0	0	0	0	0
GR	North Aegean	78	0	0	0	0	0
GR	Peloponnese	189	0	2	0	0	0
GR	South Aegean	474	0	0	0	0	0
GR	Thessaly	285	0	0	0	0	0
GR	Unknown	2769	1	0	1	0	0
GR	West Greece	174	0	0	0	0	0
GR	West Macedonia	81	0	0	0	0	0
GT	Departamento de Chiquimula	1	0	0	0	0	0
GT	Departamento de Guatemala	544	0	0	0	0	0
GT	Departamento de Huehuetenango	8	0	0	0	0	0
GT	Departamento de Jutiapa	1	0	0	0	0	0
GT	Departamento de Quetzaltenango	20	0	0	0	0	0
GT	Departamento de Retalhuleu	2	0	0	0	0	0
GT	Departamento de Sacatepequez	59	0	0	0	0	0
GT	Departamento de Zacapa	6	0	0	0	0	0
GT	Suchitepeque	1	0	0	0	0	0
GT	Unknown	25	0	0	0	0	0
GU	Barrigada	25	0	0	0	0	0
GU	Hagatna	8	0	0	0	0	0
GU	Mangilao	4	0	0	0	0	0
GU	Santa Rita Municipality	1	0	0	0	0	0
GU	Tamuning	1	0	0	0	0	0
GU	Unknown	36	0	0	0	0	0
GU	Yigo	1	0	0	0	0	0
GW	Bissau	1	0	0	0	0	0
GW	Unknown	1	0	0	0	0	0
GY	Demerara-Mahaica Region	22	0	0	0	0	0
GY	East Berbice-Corentyne Region	1	0	0	0	0	0
GY	Upper Demerara-Berbice Region	2	0	0	0	0	0
HK	Eastern	1	0	0	0	0	0
HK	Kowloon City	595	0	0	0	0	0
HK	Sham Shui Po	7	0	0	0	0	0
HK	Sha Tin	17	0	0	0	0	0
HK	Southern	10	0	0	0	0	0
HK	Unknown	10812	0	0	0	0	0
HK	Wanchai	5	0	0	0	0	0
HK	Wong Tai Sin	13	0	0	0	0	0
HK	Yau Tsim Mong	3	0	0	0	0	0
HK	Yuen Long District	14	0	0	0	0	0
HN	Departamento de Atlantida	35	0	0	0	0	0
HN	Departamento de Choluteca	3	0	0	0	0	0
HN	Departamento de Comayagua	2	0	0	0	0	0
HN	Departamento de Cortes	20	0	0	0	0	0
HN	Departamento de Francisco Morazan	353	0	0	0	0	0
HN	Departamento de Olancho	2	0	0	0	0	0
HN	Departamento de Santa Barbara	3	0	0	0	0	0
HN	Departamento de Yoro	7	0	0	0	0	0
HN	Unknown	48	0	0	0	0	0
HR	Bjelovarsko-Bilogorska Zupanija	10	0	0	0	0	0
HR	Brodsko-Posavska Zupanija	77	0	0	0	0	0
HR	Dubrovacko-Neretvanska Zupanija	15	0	0	0	0	0
HR	Grad Zagreb	3594	0	0	0	0	0
HR	Istarska Zupanija	120	0	0	0	0	0
HR	Karlovacka Zupanija	9	0	0	0	0	0
HR	Koprivnicko-Krizevacka Zupanija	56	0	0	0	0	0
HR	Krapinsko-Zagorska Zupanija	17	0	0	0	0	0
HR	Megimurska Zupanija	94	0	0	0	0	0
HR	Osjecko-Baranjska Zupanija	288	0	0	0	0	0
HR	Pozesko-Slavonska Zupanija	12	0	0	0	0	0
HR	Primorsko-Goranska Zupanija	568	0	0	0	0	0
HR	Sibensko-Kninska Zupanija	20	0	0	0	0	0
HR	Sisacko-Moslavacka Zupanija	83	0	0	0	0	0
HR	Splitsko-Dalmatinska Zupanija	600	0	0	0	0	0
HR	Unknown	1485	0	0	0	0	0
HR	Varazdinska Zupanija	115	0	0	0	0	0
HR	Viroviticko-Podravska Zupanija	13	0	0	0	0	0
HR	Vukovarsko-Srijemska Zupanija	44	0	0	0	0	0
HR	Zadarska Zupanija	48	0	0	0	0	0
HR	Zagreb County	39	0	0	0	0	0
HT	Departement de l'Ouest	61	0	0	0	0	0
HT	Unknown	2	0	0	0	0	0
HU	Bács-Kiskun	409	0	0	0	0	0
HU	Baranya	788	0	0	0	0	0
HU	Bekes	177	0	0	0	0	0
HU	Borsod-Abaúj-Zemplén	425	0	0	0	0	0
HU	Budapest fovaros	10137	0	1	0	0	0
HU	Csongrad megye	524	0	0	0	0	0
HU	Fejér	447	0	0	0	0	0
HU	Győr-Moson-Sopron	422	0	0	0	0	0
HU	Hajdú-Bihar	582	0	0	0	0	0
HU	Heves megye	368	0	0	0	0	0
HU	Jász-Nagykun-Szolnok	190	0	0	0	0	0
HU	Komárom-Esztergom	216	0	0	0	0	0
HU	Nograd megye	87	0	0	0	0	0
HU	Pest megye	1469	0	0	0	0	0
HU	Somogy megye	157	0	0	0	0	0
HU	Szabolcs-Szatmár-Bereg	230	0	0	0	0	0
HU	Tolna megye	101	0	0	0	0	0
HU	Unknown	2440	0	0	0	0	0
HU	Vas	234	0	0	0	0	0
HU	Veszprem megye	416	0	0	0	0	0
HU	Zala	207	0	0	0	0	0
ID	Bali	906	0	0	0	0	0
ID	Banten	44	0	0	0	0	0
ID	Central Java	647	0	0	0	0	0
ID	Central Kalimantan	15	0	0	0	0	0
ID	Central Sulawesi	17	0	0	0	0	0
ID	Daerah Istimewa Yogyakarta	512	0	0	0	0	0
ID	Daerah Khusus Ibukota Jakarta	3321	0	0	0	0	0
ID	East Java	1245	0	0	0	0	0
ID	East Kalimantan	71	0	0	0	0	0
ID	East Nusa Tenggara	32	0	0	0	0	0
ID	Nanggroe Aceh Darussalam Province	14	0	0	0	0	0
ID	North Kalimantan	10	0	0	0	0	0
ID	North Sulawesi	58	0	0	0	0	0
ID	North Sumatra	420	0	0	0	0	0
ID	Propinsi Bengkulu	5	0	0	0	0	0
ID	Provinsi Gorontalo	11	0	0	0	0	0
ID	Provinsi Jambi	3	0	0	0	0	0
ID	Provinsi Lampung	11	0	0	0	0	0
ID	Provinsi Maluku	8	0	0	0	0	0
ID	Provinsi Papua	10	0	0	0	0	0
ID	Provinsi Riau	144	0	0	0	0	0
ID	Riau Islands	56	0	0	0	0	0
ID	South Kalimantan	46	0	0	0	0	0
ID	South Sulawesi	85	0	0	0	0	0
ID	South Sumatra	129	0	0	0	0	0
ID	Unknown	1144	0	0	0	0	0
ID	West Java	1094	0	0	0	0	0
ID	West Kalimantan	78	0	0	0	0	0
ID	West Nusa Tenggara	170	0	0	0	0	0
ID	West Papua	1	0	0	0	0	0
ID	West Sumatra	93	0	0	0	0	0
IE	Connaught	368	0	0	0	0	0
IE	Leinster	19249	0	1	1	0	0
IE	Munster	1059	0	1	0	0	0
IE	Ulster	44	0	0	0	0	0
IE	Unknown	21726	0	0	0	0	0
IL	Central District	2171	0	0	0	0	0
IL	Haifa	355	0	0	0	0	0
IL	Jerusalem	685	0	0	0	0	0
IL	Northern District	129	0	0	0	0	0
IL	Southern District	146	0	1	0	0	0
IL	Tel Aviv	7555	0	0	0	0	0
IL	Unknown	1601	0	0	0	0	0
IM	Unknown	169	0	0	0	0	0
IN	Andhra Pradesh	336	0	0	0	0	0
IN	Arunachal Pradesh	20	0	0	0	0	0
IN	Assam	145	0	0	0	0	0
IN	Bihar	71	0	0	0	0	0
IN	Chandigarh	75	0	0	0	0	0
IN	Dadra and Nagar Haveli	1	0	0	0	0	0
IN	Daman and Diu	3	0	0	0	0	0
IN	Goa	288	0	0	0	0	0
IN	Gujarat	373	0	0	0	0	0
IN	Haryana	2970	0	0	0	0	0
IN	Karnataka	2771	0	0	0	0	0
IN	Kashmir	44	0	0	0	0	0
IN	Kerala	814	0	0	0	0	0
IN	Madhya Pradesh	249	0	0	0	0	0
IN	Maharashtra	3287	1	1	0	0	0
IN	Manipur	8	0	0	0	0	0
IN	Meghalaya	31	0	0	0	0	0
IN	Mizoram	23	0	0	0	0	0
IN	Nagaland	8	0	0	0	0	0
IN	National Capital Territory of Delhi	1929	0	0	0	0	0
IN	Odisha	133	0	0	0	0	0
IN	Rajasthan	296	0	0	0	0	0
IN	Sikkim	3	0	0	0	0	0
IN	State of Chhattisgarh	31	0	0	0	0	0
IN	State of Himachal Pradesh	61	0	0	0	0	0
IN	State of Jharkhand	44	0	0	0	0	0
IN	State of Punjab	127	0	0	0	0	0
IN	Tamil Nadu	3050	0	0	0	0	0
IN	Telangana	1110	0	0	0	0	0
IN	Tripura	37	0	0	0	0	0
IN	Union Territory of Andaman and Nicobar Islands	4	0	0	0	0	0
IN	Union Territory of Puducherry	204	0	0	0	0	0
IN	Unknown	1595	0	0	0	0	0
IN	Uttarakhand	148	0	0	0	0	0
IN	Uttar Pradesh	566	0	0	0	0	0
IN	West Bengal	793	0	0	0	0	0
IQ	Anbar	344	0	0	0	0	0
IQ	An Najaf	60	0	0	0	0	0
IQ	Basra Governorate	14	0	0	0	0	0
IQ	Dhi Qar	2	0	0	0	0	0
IQ	Dihok	10	0	0	0	0	0
IQ	Diyālá	4	0	0	0	0	0
IQ	Mayorality of Baghdad	369	0	0	0	0	0
IQ	Maysan	6	0	0	0	0	0
IQ	Muhafazat Arbil	930	0	0	0	0	0
IQ	Muhafazat as Sulaymaniyah	11	0	0	0	0	0
IQ	Muhafazat Babil	42	0	0	0	0	0
IQ	Muhafazat Karbala'	7	0	0	0	0	0
IQ	Muhafazat Kirkuk	34	0	0	0	0	0
IQ	Muhafazat Wasit	24	0	0	0	0	0
IQ	Salah ad Din Governorate	2	0	0	0	0	0
IQ	Unknown	454	0	0	0	0	0
IR	Alborz	18	0	0	0	0	0
IR	Bushehr	18	0	0	0	0	0
IR	East Azerbaijan	100	0	0	0	0	0
IR	Fars	77	0	0	0	0	0
IR	Hormozgan	2	0	0	0	0	0
IR	Isfahan	875	0	0	0	0	0
IR	Kerman	12	0	0	0	0	0
IR	Khuzestan	57	0	0	0	0	0
IR	Markazi	13	0	0	0	0	0
IR	Māzandarān	14	0	0	0	0	0
IR	Ostan-e Ardabil	113	0	0	0	0	0
IR	Ostan-e Azarbayjan-e Gharbi	10	0	0	0	0	0
IR	Ostan-e Chahar Mahal va Bakhtiari	5	0	0	0	0	0
IR	Ostan-e Gilan	9	0	0	0	0	0
IR	Ostan-e Golestan	13	0	0	0	0	0
IR	Ostan-e Hamadan	631	0	0	0	0	0
IR	Ostan-e Ilam	10	0	0	0	0	0
IR	Ostan-e Kermanshah	27	0	0	0	0	0
IR	Ostan-e Khorasan-e Jonubi	10	0	0	0	0	0
IR	Ostan-e Khorasan-e Shomali	2	0	0	0	0	0
IR	Ostan-e Kordestan	83	0	0	0	0	0
IR	Ostan-e Lorestan	2	0	0	0	0	0
IR	Ostan-e Qazvin	8	0	0	0	0	0
IR	Ostan-e Tehran	219	0	0	0	0	0
IR	Qom	3	0	0	0	0	0
IR	Razavi Khorasan	139	0	0	0	0	0
IR	Semnān	1	0	0	0	0	0
IR	Sistan and Baluchestan	12	0	0	0	0	0
IR	Unknown	2135	0	0	0	0	0
IR	Yazd	26	0	0	0	0	0
IR	Zanjan	17	0	0	0	0	0
IS	Capital Region	8292	1	0	0	0	0
IS	East	53	0	0	0	0	0
IS	Northeast	408	0	0	0	0	0
IS	Northwest	46	0	0	0	0	0
IS	South	118	0	0	0	0	0
IS	Southern Peninsula	386	0	0	0	0	0
IS	Unknown	463	0	0	0	0	0
IS	West	73	0	0	0	0	0
IS	Westfjords	4	0	0	0	0	0
IT	Abruzzo	417	0	0	0	0	0
IT	Aosta Valley	21	0	0	0	0	0
IT	Apulia	801	0	0	0	0	0
IT	Basilicate	32	0	0	0	0	0
IT	Calabria	242	0	0	0	0	0
IT	Campania	2892	0	0	0	0	0
IT	Emilia-Romagna	3012	0	0	0	0	0
IT	Friuli Venezia Giulia	646	0	0	0	0	0
IT	Latium	5335	0	0	0	0	0
IT	Liguria	1277	0	0	0	0	0
IT	Lombardy	9189	0	0	0	0	0
IT	Molise	22	0	0	0	0	0
IT	Piedmont	2758	0	0	0	0	0
IT	Sardinia	992	0	0	0	0	0
IT	Sicily	1677	0	0	0	0	0
IT	The Marches	753	0	0	0	0	0
IT	Trentino-Alto Adige	888	0	0	0	0	0
IT	Tuscany	5151	3	0	0	0	0
IT	Umbria	356	0	0	0	0	0
IT	Unknown	8508	0	0	0	0	0
IT	Veneto	2713	0	0	0	0	0
JE	Saint Helier	94	0	0	0	0	0
JM	Kingston	256	0	0	0	0	0
JM	Parish of Manchester	1	0	0	0	0	0
JM	Parish of Saint Ann	7	0	0	0	0	0
JM	Parish of Saint Catherine	13	0	0	0	0	0
JM	Parish of Saint James	13	0	0	0	0	0
JM	Unknown	1	0	0	0	0	0
JO	Amman	1132	0	0	0	1	0
JO	Irbid	4	0	0	0	0	0
JO	Unknown	79	0	0	0	0	0
JO	Zarqa	1	0	0	0	0	0
JP	Aichi	1554	0	0	0	0	0
JP	Akita	57	0	0	0	0	0
JP	Aomori	36	0	0	0	0	0
JP	Chiba	6540	0	0	0	0	0
JP	Ehime	38	0	0	0	0	0
JP	Fukui	40	0	0	0	0	0
JP	Fukuoka	567	0	0	0	0	0
JP	Fukushima-ken	76	0	0	0	0	0
JP	Gifu	142	0	0	0	0	0
JP	Gunma	99	0	0	0	0	0
JP	Hiroshima	308	0	0	0	0	0
JP	Hokkaido	521	0	0	0	0	0
JP	Hyōgo	2048	0	0	0	0	0
JP	Ibaraki	380	0	0	0	0	0
JP	Ishikawa	70	0	0	0	0	0
JP	Iwate	51	0	0	0	0	0
JP	Kagawa	28	0	0	0	0	0
JP	Kagoshima	52	0	0	0	0	0
JP	Kanagawa	2267	0	0	0	0	1
JP	Kochi	38	0	0	0	0	0
JP	Kumamoto	80	0	0	0	0	0
JP	Kyoto	1050	0	0	0	0	0
JP	Mie	100	0	0	0	0	0
JP	Miyagi	335	0	0	0	0	0
JP	Miyazaki	47	0	0	0	0	0
JP	Nagano	171	0	0	0	0	0
JP	Nagasaki	70	0	0	0	0	0
JP	Nara	265	0	0	0	0	0
JP	Niigata	85	0	0	0	0	0
JP	Oita	56	0	0	0	0	0
JP	Okayama	114	0	0	0	0	0
JP	Okinawa	152	0	0	0	0	0
JP	Ōsaka	3095	0	0	0	0	0
JP	Saga Prefecture	26	0	0	0	0	0
JP	Saitama	1025	0	0	0	0	0
JP	Shiga Prefecture	295	0	0	0	0	0
JP	Shimane	17	0	0	0	0	0
JP	Shizuoka	2055	0	0	0	0	0
JP	Tochigi	119	0	0	0	0	0
JP	Tokushima	51	0	0	0	0	0
JP	Tokyo	28185	1	0	0	0	0
JP	Tottori	59	0	0	0	0	0
JP	Toyama	53	0	0	0	0	0
JP	Unknown	9120	0	0	0	0	0
JP	Wakayama	32	0	0	0	0	0
JP	Yamagata	54	0	0	0	0	0
JP	Yamaguchi	44	0	0	0	0	0
JP	Yamanashi	45	0	0	0	0	0
KE	Garissa District	4	0	0	0	0	0
KE	Kiambu District	4	0	0	0	0	0
KE	Kisumu	9	0	0	0	0	0
KE	Kitui District	1	0	0	0	0	0
KE	Kwale District	1	0	0	0	0	0
KE	Mombasa District	39	0	0	0	0	0
KE	Nairobi Province	2875	0	0	0	0	0
KE	Unknown	697	0	0	0	0	0
KG	Gorod Bishkek	144	0	0	0	0	0
KG	Unknown	57	0	0	0	0	0
KH	Banteay Meanchey	5	0	0	0	0	0
KH	Kampong Thom	56	0	0	0	0	0
KH	Kandal	52	0	0	0	0	0
KH	Phnom Penh	994	0	0	0	0	0
KH	Preah Sihanouk	19	0	0	0	0	0
KH	Unknown	232	0	0	0	0	0
KM	Grande Comore	2	0	0	0	0	0
KM	Unknown	8	0	0	0	0	0
KN	Saint George Basseterre	4	0	0	0	0	0
KN	Saint Paul Charlestown	1	0	0	0	0	0
KN	Unknown	1	0	0	0	0	0
KP	Unknown	33	0	0	0	0	0
KR	Busan	178	0	0	0	0	0
KR	Chungcheongbuk-do	32	0	0	0	0	0
KR	Chungcheongnam-do	60	0	0	0	0	0
KR	Daegu	111	0	0	0	0	0
KR	Daejeon	467	0	0	0	0	0
KR	Gangwon-do	28	0	0	0	0	0
KR	Gwangju	64	0	0	0	0	0
KR	Gyeonggi-do	1292	0	0	0	0	0
KR	Gyeongsangbuk-do	44	0	0	0	0	0
KR	Gyeongsangnam-do	281	0	0	0	0	0
KR	Incheon	180	0	0	0	0	0
KR	Jeju-do	32	0	0	0	0	0
KR	Jeollabuk-do	18	0	0	0	0	0
KR	Jeollanam-do	20	0	0	0	0	0
KR	Seoul	6743	0	0	0	0	0
KR	Ulsan	66	0	0	0	0	0
KR	Unknown	3984	0	0	1	0	0
KW	Al Aḩmadī	1	0	0	0	0	0
KW	Al Asimah	267	0	0	0	0	0
KW	Muhafazat Hawalli	3	0	0	0	0	0
KW	Unknown	21	0	0	0	0	0
KY	Unknown	32	0	0	0	0	0
KZ	Aktyubinskaya Oblast'	29	0	0	0	0	0
KZ	Almaty Oblysy	10	0	0	0	0	0
KZ	Almaty Qalasy	529	0	0	0	0	0
KZ	Aqmola Oblysy	5	0	0	0	0	0
KZ	Astana Qalasy	140	0	0	0	0	0
KZ	Atyrau Oblysy	24	0	0	0	0	0
KZ	Batys Qazaqstan Oblysy	12	0	0	0	0	0
KZ	East Kazakhstan	32	0	0	0	0	0
KZ	Mangistauskaya Oblast'	13	0	0	0	0	0
KZ	Pavlodar Oblysy	26	0	0	0	0	0
KZ	Qaraghandy Oblysy	73	0	0	0	0	0
KZ	Qostanay Oblysy	46	0	0	0	0	0
KZ	Qyzylorda Oblysy	5	0	0	0	0	0
KZ	Severo-Kazakhstanskaya Oblast'	12	0	0	0	0	0
KZ	Unknown	140	0	0	0	0	0
KZ	Yuzhno-Kazakhstanskaya Oblast'	24	0	0	0	0	0
KZ	Zhambyl Oblysy	14	0	0	0	0	0
LA	Khammouan	1	0	0	0	0	0
LA	Unknown	170	0	0	0	0	0
LA	Vientiane	128	0	0	0	0	0
LB	Beyrouth	814	0	0	0	0	0
LB	Mohafazat Liban-Nord	6	0	0	0	0	0
LB	Mohafazat Liban-Sud	24	0	0	0	0	0
LB	Mohafazat Mont-Liban	10	0	0	0	0	0
LB	Unknown	64	0	0	0	0	0
LC	Castries Quarter	57	0	0	0	0	0
LI	Balzers	8	0	0	0	0	0
LI	Eschen	8	0	0	0	0	0
LI	Gemeinde Gamprin	2	0	0	0	0	0
LI	Mauren	10	0	0	0	0	0
LI	Schaan	30	0	0	0	0	0
LI	Schellenberg	1	0	0	0	0	0
LI	Triesen	15	0	0	0	0	0
LI	Triesenberg	3	0	0	0	0	0
LI	Unknown	15	0	0	0	0	0
LI	Vaduz	59	0	0	0	0	0
LK	Unknown	422	0	0	0	0	0
LK	Western Province	1186	0	0	0	0	0
LR	Montserrado County	54	0	0	0	0	0
LR	Unknown	149	0	0	0	0	0
LS	Maseru	6	0	0	0	0	0
LS	Unknown	2	0	0	0	0	0
LT	Alytaus apskritis	49	0	0	0	0	0
LT	Kauno apskritis	2155	0	0	0	0	0
LT	Klaipedos apskritis	597	0	0	0	0	0
LT	Marijampoles apskritis	30	0	0	0	0	0
LT	Panevėžys	169	0	0	0	0	0
LT	Siauliu apskritis	251	0	0	0	0	0
LT	Taurages apskritis	10	0	0	0	0	0
LT	Telsiu apskritis	82	0	0	0	0	0
LT	Unknown	1288	0	0	0	0	0
LT	Utenos apskritis	42	0	0	0	0	0
LT	Vilnius County	3949	0	0	0	0	0
LU	District de Diekirch	47	0	0	0	0	0
LU	District de Grevenmacher	308	0	1	0	0	0
LU	District de Luxembourg	5176	0	0	0	0	0
LU	Unknown	1349	0	0	0	0	0
LV	Ādaži	4	0	0	0	0	0
LV	Aizkraukles Rajons	3	0	0	0	0	0
LV	Alsunga	2	0	0	0	0	0
LV	Bauskas Novads	14	0	0	0	0	0
LV	Carnikava	4	0	0	0	0	0
LV	Cesu Novads	36	0	0	0	0	0
LV	Daugavpils	161	0	0	0	0	0
LV	Dobeles Rajons	27	0	0	0	0	0
LV	Ikšķile	4	0	0	0	0	0
LV	Jaunpils	3	0	0	0	0	0
LV	Jekabpils Municipality	1	0	0	0	0	0
LV	Jēkabpils Municipality	5	0	0	0	0	0
LV	Jelgava	135	0	0	0	0	0
LV	Jelgavas Rajons	1	0	0	0	0	0
LV	Jurmala	224	0	0	0	0	0
LV	Ķegums	1	0	0	0	0	0
LV	Kraslavas Rajons	1	0	0	0	0	0
LV	Krimulda	4	0	0	0	0	0
LV	Kuldigas Rajons	58	0	0	0	0	0
LV	Lecava	10	1	0	0	0	0
LV	Lielvārde	4	0	0	0	0	0
LV	Liepaja	118	0	0	0	0	0
LV	Līvāni	5	0	0	0	0	0
LV	Ludzas Rajons	7	0	0	0	0	0
LV	Madona Municipality	2	0	0	0	0	0
LV	Mālpils	1	0	0	0	0	0
LV	Mārupe	5	0	0	0	0	0
LV	Ogre	57	0	0	0	0	0
LV	Olaine	25	0	0	0	0	0
LV	Ozolnieku Novads	3	0	0	0	0	0
LV	Preili Municipality	2	0	0	0	0	0
LV	Priekuli Municipality	1	0	0	0	0	0
LV	Rezekne	28	0	0	0	0	0
LV	Riga	7543	0	0	1	1	0
LV	Rojas Novads	2	0	0	0	0	0
LV	Rugaju Novads	1	0	0	0	0	0
LV	Salaspils Novads	12	0	0	0	0	0
LV	Saldus Municipality	3	0	0	0	0	0
LV	Siguldas Novads	3	0	0	0	0	0
LV	Smiltenes Novads	1	0	0	0	0	0
LV	Talsi Municipality	19	0	0	0	0	0
LV	Tukuma Rajons	41	0	0	0	0	0
LV	Unknown	745	0	0	0	0	0
LV	Valmiera District	100	0	0	0	0	0
LV	Ventspils	79	0	0	0	0	0
LV	Viesites Novads	1	0	0	0	0	0
LY	Sha'biyat al Butnan	2	0	0	0	0	0
LY	Sha'biyat al Jabal al Gharbi	2	0	0	0	0	0
LY	Sha'biyat Banghazi	75	0	0	0	0	0
LY	Sha`biyat Nalut	1	0	0	0	0	0
LY	Tripoli	119	0	0	0	0	0
LY	Unknown	151	0	0	0	0	0
MA	Chaouia-Ouardigha	54	0	0	0	0	0
MA	Doukkala-Abda	91	0	0	0	0	0
MA	Gharb-Chrarda-Beni Hssen	88	0	0	0	0	0
MA	Guelmim-Es Semara	4	0	0	0	0	0
MA	Marrakech-Tensift-Al Haouz	339	0	0	0	0	0
MA	Oriental	144	1	0	0	0	0
MA	Region de Fes-Boulemane	236	0	0	0	0	0
MA	Region de Meknes-Tafilalet	135	3	0	0	0	0
MA	Region de Rabat-Sale-Zemmour-Zaer	390	0	0	0	0	0
MA	Region de Souss-Massa-Draa	314	0	0	0	0	0
MA	Region de Tanger-Tetouan	752	0	0	0	0	0
MA	Region du Grand Casablanca	599	0	0	0	0	0
MA	Tadla-Azilal	12	0	0	0	0	0
MA	Taza-Al Hoceima-Taounate	2	0	0	0	0	0
MA	Unknown	990	0	0	0	0	0
MC	Unknown	547	0	0	0	0	0
MD	Cahul	62	0	0	0	0	0
MD	Cimişlia	1	0	0	0	0	0
MD	Criuleni	1	0	0	0	0	0
MD	Drochia	2	0	0	0	0	0
MD	Gagauzia	1	0	0	0	0	0
MD	Glodeni	3	0	0	0	0	0
MD	Hînceşti	2	0	0	0	0	0
MD	Laloveni	11	0	0	0	0	0
MD	Leova	1	0	0	0	0	0
MD	Municipiul Balti	39	0	0	0	0	0
MD	Municipiul Bender	8	0	0	0	0	0
MD	Municipiul Chisinau	8478	0	0	0	0	0
MD	Nisporeni	1	0	0	0	0	0
MD	Orhei	6	0	0	0	0	0
MD	Raionul Calarasi	4	0	0	0	0	0
MD	Raionul Causeni	1	0	0	0	0	0
MD	Raionul Dubasari	4	0	0	0	0	0
MD	Raionul Edineţ	2	0	0	0	0	0
MD	Sîngerei	2	0	0	0	0	0
MD	Şoldăneşti	2	0	0	0	0	0
MD	Strășeni	8	0	0	0	0	0
MD	Teleneşti	1	0	0	0	0	0
MD	Ungheni	4	0	0	0	0	0
MD	Unitatea Teritoriala din Stinga Nistrului	122	0	0	0	0	0
MD	Unknown	92	0	0	0	0	0
ME	Budva	37	0	0	0	0	0
ME	Cetinje	1	0	0	0	0	0
ME	Herceg Novi	18	0	0	0	0	0
ME	Kotor	32	0	0	0	0	0
ME	Opstina Niksic	14	0	0	0	0	0
ME	Podgorica	668	0	0	0	0	0
ME	Tivat	7	0	0	0	0	0
ME	Unknown	78	0	0	0	0	0
MF	Unknown	33	0	0	0	0	0
MG	Analamanga Region	75	0	0	0	0	0
MG	Anosy Region	2	0	0	0	0	0
MG	Atsimo-Andrefana Region	9	0	0	0	0	0
MG	Atsinanana Region	4	0	0	0	0	0
MG	Boeny Region	2	0	0	0	0	0
MG	Unknown	99	0	0	0	0	0
MG	Vakinankaratra Region	8	0	0	0	0	0
MH	Unknown	1	0	0	0	0	0
MK	Berovo	4	0	0	0	0	0
MK	Bitola	144	0	0	0	0	0
MK	Bogdanci	1	0	0	0	0	0
MK	Debar	3	0	0	0	0	0
MK	Gevgelija	31	0	0	0	0	0
MK	Gostivar	74	0	0	0	0	0
MK	Kavadarci	45	0	0	0	0	0
MK	Kriva Palanka	6	0	0	0	0	0
MK	Kumanovo	204	0	0	0	0	0
MK	Negotino	13	0	0	0	0	0
MK	Novo Selo	5	0	0	0	0	0
MK	Ohrid	59	0	0	0	0	0
MK	Opstina Delcevo	3	0	0	0	0	0
MK	Opstina Karpos	1791	0	0	0	0	0
MK	Opstina Kicevo	23	0	0	0	0	0
MK	Opstina Kocani	94	0	0	0	0	0
MK	Opstina Krivogastani	1	0	0	0	0	0
MK	Opstina Probistip	11	0	0	0	0	0
MK	Opstina Radovis	26	0	0	0	0	0
MK	Opstina Stip	77	0	0	0	0	0
MK	Opstina Vevcani	2	0	0	0	0	0
MK	Opstina Vrapciste	1	0	0	0	0	0
MK	Prilep	112	0	0	0	0	0
MK	Resen	17	0	0	0	0	0
MK	Struga	46	0	0	0	0	0
MK	Strumica	79	0	0	0	0	0
MK	Sveti Nikole	3	0	0	0	0	0
MK	Tetovo	166	0	0	0	0	0
MK	Unknown	314	0	0	0	0	0
MK	Valandovo	5	0	0	0	0	0
MK	Veles	78	0	0	0	0	0
MK	Vinica	3	0	0	0	0	0
ML	Bamako Region	38	0	0	0	0	0
ML	Kayes	1	0	0	0	0	0
ML	Unknown	172	0	0	0	0	0
MM	Kayin State	18	0	0	0	0	0
MM	Mandalay Region	11	0	0	0	0	0
MM	Unknown	77	0	0	0	0	0
MM	Yangon Region	213	0	0	0	0	0
MN	Arhangay Aymag	2	0	0	0	0	0
MN	Bulgan	2	0	0	0	0	0
MN	Selenge Aymag	32	0	0	0	0	0
MN	Ulaanbaatar Hot	484	0	0	0	0	0
MN	Unknown	45	0	0	0	0	0
MO	Unknown	279	0	0	0	0	0
MP	Saipan	9	0	0	0	0	0
MQ	Unknown	175	0	0	0	0	0
MR	District de Nouakchott	9	0	0	0	0	0
MR	Unknown	10	0	0	0	0	0
MT	Attard	127	0	0	0	0	0
MT	Balzan	134	0	0	0	0	0
MT	Birkirkara	363	0	0	0	0	0
MT	Birzebbuga	108	0	0	0	0	0
MT	Bormla	7	0	0	0	0	0
MT	Dingli	13	0	0	0	0	0
MT	Ghajnsielem	1	0	0	0	0	0
MT	Hal Gharghur	28	0	0	0	0	0
MT	Hal Ghaxaq	13	0	0	0	0	0
MT	Haz-Zabbar	65	0	0	0	0	0
MT	Haz-Zebbug	1	0	0	0	0	0
MT	Il-Belt Valletta	97	0	0	0	0	0
MT	Il-Birgu	12	0	0	0	0	0
MT	Il-Fgura	225	0	0	0	0	0
MT	Il-Furjana	28	0	0	0	0	0
MT	Il-Gzira	766	0	0	0	0	0
MT	Il-Hamrun	142	0	0	0	0	0
MT	Il-Kalkara	54	0	0	0	0	0
MT	Il-Marsa	17	0	0	0	0	0
MT	Il-Mellieha	103	0	0	0	0	0
MT	Il-Mosta	325	0	0	0	0	0
MT	Il-Qrendi	28	0	0	0	0	0
MT	In-Nadur	7	0	0	0	0	0
MT	In-Naxxar	75	0	0	0	0	0
MT	Ir-Rabat	25	0	0	0	0	0
MT	Is-Siggiewi	15	0	0	0	0	0
MT	Is-Swieqi	13	0	0	0	0	0
MT	Ix-Xaghra	26	0	0	0	0	0
MT	Ix-Xghajra	38	0	0	0	0	0
MT	Iz-Zebbug	37	0	0	0	0	0
MT	Iz-Zejtun	16	0	0	0	0	0
MT	Iz-Zurrieq	25	0	0	0	0	0
MT	Kirkop	10	0	0	0	0	0
MT	L-Ghasri	2	0	0	0	0	0
MT	Lija	12	0	0	0	0	0
MT	L-Imdina	21	0	0	0	0	0
MT	L-Imsida	1187	0	0	0	0	0
MT	L-Imtarfa	4	0	0	0	0	0
MT	L-Isla	7	0	0	0	0	0
MT	Luqa	45	0	0	0	0	0
MT	Marsaskala	53	0	0	0	0	0
MT	Marsaxlokk	2	0	0	0	0	0
MT	Paola	16	0	0	0	0	0
MT	Qormi	87	0	0	0	0	0
MT	Saint John	499	0	0	0	0	0
MT	Saint Julian	49	0	0	0	0	0
MT	Saint Lucia	1	0	0	0	0	0
MT	Saint Paul\u2019s Bay	87	0	0	0	0	0
MT	Saint Venera	52	0	0	0	0	0
MT	Tal-Pieta	90	0	0	0	0	0
MT	Tarxien	37	0	0	0	0	0
MT	Tas-Sliema	2772	0	0	0	0	0
MT	Ta' Xbiex	341	0	0	0	0	0
MT	Unknown	834	0	0	0	0	0
MT	Victoria	7	0	0	0	0	0
MU	Black River District	3	0	0	0	0	0
MU	Flacq District	1	0	0	0	0	0
MU	Pamplemousses District	3	0	0	0	0	0
MU	Plaines Wilhems District	136	0	0	0	0	0
MU	Port Louis District	186	0	0	0	0	0
MU	Riviere du Rempart District	3	0	0	0	0	0
MU	Unknown	97	0	0	0	0	0
MV	Kaafu Atoll	168	0	0	0	0	0
MV	Unknown	64	0	0	0	0	0
MW	Central Region	1	0	0	0	0	0
MW	Unknown	62	0	0	0	0	0
MX	Aguascalientes	184	0	0	0	0	0
MX	Baja California Sur	106	0	0	0	0	0
MX	Campeche	73	0	0	0	0	0
MX	Chiapas	280	0	0	0	0	0
MX	Chihuahua	229	0	0	0	0	0
MX	Coahuila	265	0	0	0	0	0
MX	Colima	63	0	0	0	0	0
MX	Durango	53	0	0	0	0	0
MX	Estado de Baja California	378	0	0	0	0	0
MX	Estado de Mexico	764	0	0	0	0	0
MX	Guanajuato	283	0	0	0	0	0
MX	Guerrero	73	0	0	0	0	0
MX	Hidalgo	73	0	0	0	0	0
MX	Jalisco	750	0	0	0	0	0
MX	Mexico City	3552	0	0	0	0	0
MX	Michoacán	225	0	0	0	0	0
MX	Morelos	169	0	0	0	0	0
MX	Nayarit	43	0	0	0	0	0
MX	Nuevo León	796	0	0	0	0	0
MX	Oaxaca	195	0	0	0	0	0
MX	Puebla	302	0	0	0	0	0
MX	Querétaro	225	0	0	0	0	0
MX	Quintana Roo	2197	1	0	0	0	0
MX	San Luis Potosí	79	0	0	0	0	0
MX	Sinaloa	198	0	0	0	0	0
MX	Sonora	329	0	0	0	0	0
MX	Tabasco	137	0	0	0	0	0
MX	Tamaulipas	89	0	0	0	0	0
MX	Tlaxcala	67	0	0	0	0	0
MX	Unknown	1232	0	0	0	0	0
MX	Veracruz	436	0	0	0	0	0
MX	Yucatán	345	0	0	0	0	0
MX	Zacatecas	54	0	0	0	0	0
MY	Johor	197	0	0	0	0	0
MY	Kedah	175	0	0	0	0	0
MY	Kelantan	7	0	0	0	0	0
MY	Kuala Lumpur	2359	0	0	0	0	0
MY	Labuan	1	0	0	0	0	0
MY	Melaka	66	0	0	0	0	0
MY	Negeri Sembilan	207	0	0	0	0	0
MY	Pahang	63	0	0	0	0	0
MY	Penang	1086	0	0	0	0	0
MY	Perak	302	0	0	0	0	0
MY	Perlis	9	0	0	0	0	0
MY	Putrajaya	27	0	0	0	0	0
MY	Sabah	160	0	0	0	0	0
MY	Sarawak	205	0	0	0	0	0
MY	Selangor	1719	0	0	0	0	0
MY	Terengganu	147	0	0	0	0	0
MY	Unknown	435	0	0	0	0	0
MZ	Cabo Delgado Province	1	0	0	0	0	0
MZ	Cidade de Maputo	579	0	0	0	0	0
MZ	Maputo Province	1	0	0	0	0	0
MZ	Nampula	3	0	0	0	0	0
MZ	Sofala Province	3	0	0	0	0	0
MZ	Unknown	101	0	0	0	0	0
NA	Erongo	10	0	0	0	0	0
NA	Khomas	133	0	0	0	0	0
NA	Oshana	2	0	0	0	0	0
NA	Oshikoto	5	0	0	0	0	0
NA	Otjozondjupa	4	0	0	0	0	0
NA	Unknown	12	0	0	0	0	0
NC	South Province	91	0	0	0	0	0
NC	Unknown	1	0	0	0	0	0
NE	Niamey	10	0	0	0	0	0
NE	Unknown	9	0	0	0	0	0
NG	Akwa Ibom State	4	0	0	0	0	0
NG	Delta	1	0	0	0	0	0
NG	Edo	11	0	0	0	0	0
NG	Enugu State	3	0	0	0	0	0
NG	Kaduna State	6	0	0	0	0	0
NG	Kano State	5	0	0	0	0	0
NG	Kwara State	1	0	0	0	0	0
NG	Lagos	366	0	0	1	0	0
NG	Niger State	63	0	0	0	0	0
NG	Ogun State	1	0	0	0	0	0
NG	Osun State	6	0	0	0	0	0
NG	Oyo State	9	0	0	0	0	0
NG	Rivers State	17	0	0	0	0	0
NG	Unknown	573	0	0	0	0	0
NI	Departamento de Carazo	5	0	0	0	0	0
NI	Departamento de Chinandega	3	0	0	0	0	0
NI	Departamento de Esteli	15	0	0	0	0	0
NI	Departamento de Granada	9	0	0	0	0	0
NI	Departamento de Leon	63	0	0	0	0	0
NI	Departamento de Managua	407	0	0	0	0	0
NI	Departamento de Masaya	10	0	0	0	0	0
NI	Departamento de Matagalpa	7	0	0	0	0	0
NI	Departamento de Rivas	17	0	0	0	0	0
NI	Region Autonoma Atlantico Sur	2	0	0	0	0	0
NI	Unknown	1	0	0	0	0	0
NL	Friesland	699	0	0	0	0	0
NL	Groningen	2188	0	0	0	0	0
NL	Limburg	1523	0	0	0	0	0
NL	North Brabant	3450	0	0	0	0	0
NL	North Holland	32500	0	0	0	2	1
NL	Provincie Drenthe	595	0	0	0	0	0
NL	Provincie Flevoland	689	0	0	0	0	0
NL	Provincie Gelderland	3370	0	1	0	0	0
NL	Provincie Overijssel	1718	0	0	0	0	0
NL	Provincie Utrecht	3290	0	0	0	0	0
NL	Provincie Zeeland	369	0	0	0	0	0
NL	South Holland	9258	0	0	0	0	0
NL	Unknown	25047	0	1	0	2	0
NO	Akershus	25847	0	0	0	0	0
NO	Aust-Agder	3372	0	0	0	0	0
NO	Buskerud	9842	0	0	0	0	0
NO	Finnmark Fylke	2258	0	0	1	0	0
NO	Hedmark	7861	0	0	0	0	0
NO	Hordaland Fylke	23189	2	2	0	0	0
NO	More og Romsdal fylke	7196	0	0	0	0	0
NO	Nordland Fylke	7983	0	0	0	0	0
NO	Nord-Trondelag Fylke	4221	0	0	0	0	0
NO	Oppland	5869	0	0	0	0	0
NO	Oslo County	112870	3	5	2	0	0
NO	Østfold	12145	0	0	0	0	0
NO	Rogaland Fylke	15941	1	0	1	0	0
NO	Sogn og Fjordane Fylke	2844	0	0	0	0	0
NO	Sor-Trondelag Fylke	19986	1	1	0	0	0
NO	Telemark	6238	0	0	0	0	0
NO	Troms Fylke	8251	0	1	0	0	0
NO	Unknown	38001	0	0	1	3	0
NO	Vest-Agder Fylke	6046	0	0	0	0	0
NO	Vestfold	12045	0	0	0	0	0
NP	Central Region	320	0	0	0	0	0
NP	Eastern Region	1	0	0	0	0	0
NP	Unknown	95	0	0	0	0	0
NP	Western Region	47	0	0	0	0	0
NR	Unknown	4	0	0	0	0	0
NZ	Auckland	1770	0	0	0	0	0
NZ	Bay of Plenty	150	0	0	0	0	0
NZ	Canterbury	527	0	0	0	0	0
NZ	Gisborne	28	0	0	0	0	0
NZ	Hawke's Bay	80	0	0	0	0	0
NZ	Manawatu-Wanganui	115	0	0	0	0	0
NZ	Marlborough	31	0	0	0	0	0
NZ	Nelson	151	0	0	0	0	0
NZ	Northland	125	0	0	0	0	0
NZ	Otago	193	0	0	0	0	0
NZ	Southland	179	0	0	0	0	0
NZ	Taranaki	39	0	0	0	0	0
NZ	Tasman	3	0	0	0	0	0
NZ	Unknown	528	0	0	0	0	0
NZ	Waikato	176	0	0	0	0	0
NZ	Wellington	576	0	0	0	0	0
NZ	West Coast	2	0	0	0	0	0
OM	Muhafazat Masqat	299	0	0	0	0	0
OM	Muhafazat Zufar	2	0	0	0	0	0
OM	Unknown	81	0	0	0	0	0
PA	Provincia de Bocas del Toro	1	0	0	0	0	0
PA	Provincia de Chiriqui	72	0	0	0	0	0
PA	Provincia de Cocle	12	0	0	0	0	0
PA	Provincia de Colon	6	0	0	0	0	0
PA	Provincia del Darien	2	0	0	0	0	0
PA	Provincia de Los Santos	1	0	0	0	0	0
PA	Provincia de Panama	391	0	0	0	0	0
PA	Provincia de Veraguas	9	0	0	0	0	0
PA	Unknown	182	0	0	0	0	0
PE	Ancash	18	0	0	0	0	0
PE	Apurimac	1	0	0	0	0	0
PE	Arequipa	110	0	0	0	0	0
PE	Ayacucho	2	0	0	0	0	0
PE	Cajamarca	21	0	0	0	0	0
PE	Callao	3	0	0	0	0	0
PE	Cusco	46	0	0	0	0	0
PE	Ica	11	0	0	0	0	0
PE	Junin	13	0	0	0	0	0
PE	La Libertad	41	0	0	0	0	0
PE	Lambayeque	68	0	0	0	0	0
PE	Lima	25	0	0	0	0	0
PE	Loreto	4	0	0	0	0	0
PE	Piura	21	0	0	0	0	0
PE	Provincia de Lima	3122	0	0	0	0	0
PE	Puno	4	0	0	0	0	0
PE	Region de Huanuco	1	0	0	0	0	0
PE	Region de San Martin	8	0	0	0	0	0
PE	Tacna	9	0	0	0	0	0
PE	Ucayali	4	0	0	0	0	0
PE	Unknown	710	0	0	0	0	0
PF	Iles du Vent	59	0	0	0	0	0
PF	Unknown	1	0	0	0	0	0
PG	Gulf Province	2	0	0	0	0	0
PG	Morobe Province	1	0	0	0	0	0
PG	National Capital	8	0	0	0	0	0
PG	New Ireland	1	0	0	0	0	0
PG	Unknown	4	0	0	0	0	0
PG	Western Highlands Province	1	0	0	0	0	0
PH	Autonomous Region in Muslim Mindanao	3	0	0	0	0	0
PH	Bicol	25	0	0	0	0	0
PH	Cagayan Valley	13	0	0	0	0	0
PH	Calabarzon	1438	0	0	0	0	0
PH	Caraga	13	0	0	0	0	0
PH	Central Luzon	468	0	0	0	0	0
PH	Central Visayas	968	0	0	0	0	0
PH	Cordillera	36	0	0	0	0	0
PH	Davao	264	0	0	0	0	0
PH	Eastern Visayas	9	0	0	0	0	0
PH	Ilocos	11	0	0	0	0	0
PH	Mimaropa	8	0	0	0	0	0
PH	National Capital Region	2650	0	0	0	0	0
PH	Northern Mindanao	70	0	0	0	0	0
PH	Province of La Union	2	0	0	0	0	0
PH	Province of Negros Oriental	5	0	0	0	0	0
PH	Province of Pampanga	1	0	0	0	0	0
PH	Province of Rizal	1	0	0	0	0	0
PH	Soccsksargen	107	0	0	0	0	0
PH	Unknown	3432	0	0	0	0	0
PH	Western Visayas	533	0	0	0	0	0
PH	Zamboanga Peninsula	4	0	0	0	0	0
PK	Azad Kashmir	10	0	0	0	0	0
PK	Balochistan	23	0	0	0	0	0
PK	Federally Administered Tribal Areas	1	0	0	0	0	0
PK	Gilgit-Baltistan	1	0	0	0	0	0
PK	Islamabad Capital Territory	255	0	0	0	0	0
PK	Khyber Pakhtunkhwa	104	0	0	0	0	0
PK	Punjab	1339	0	0	0	0	0
PK	Sindh	596	0	0	0	0	0
PK	Unknown	133	0	0	0	0	0
PL	Greater Poland Voivodeship	4485	0	0	0	0	0
PL	Kujawsko-Pomorskie	3489	0	0	0	0	0
PL	Lesser Poland Voivodeship	6850	0	0	0	0	0
PL	Łódź Voivodeship	2024	0	0	0	0	0
PL	Lower Silesian Voivodeship	3627	0	0	0	0	0
PL	Lublin Voivodeship	976	0	0	0	0	0
PL	Lubusz	1971	0	0	0	0	0
PL	Masovian Voivodeship	12660	0	0	0	2	0
PL	Opole Voivodeship	394	0	0	0	0	0
PL	Podlasie	820	0	0	1	0	0
PL	Pomeranian Voivodeship	8227	0	1	0	0	0
PL	Silesian Voivodeship	3757	0	0	0	0	0
PL	Subcarpathian Voivodeship	1043	1	0	0	0	0
PL	Świętokrzyskie	454	0	0	0	0	0
PL	Unknown	12086	1	0	0	0	0
PL	Warmian-Masurian Voivodeship	1277	0	0	0	0	0
PL	West Pomeranian Voivodeship	1694	0	0	0	0	0
PM	Commune de Miquelon-Langlade	1	0	0	0	0	0
PM	Commune de Saint-Pierre	2	0	0	0	0	0
PR	Aguada	6	0	0	0	0	0
PR	Aguadilla	6	0	0	0	0	0
PR	Aguas Buenas	3	0	0	0	0	0
PR	Aibonito	2	0	0	0	0	0
PR	Anasco	6	0	0	0	0	0
PR	Arecibo	18	0	0	0	0	0
PR	Arroyo	2	0	0	0	0	0
PR	Barceloneta	1	0	0	0	0	0
PR	Barranquitas	3	0	0	0	0	0
PR	Bayamon Municipio	292	0	0	0	0	0
PR	Cabo Rojo Municipio	6	0	0	0	0	0
PR	Caguas Municipio	33	0	0	0	0	0
PR	Canovanas Municipio	11	0	0	0	0	0
PR	Carolina Municipio	15	0	0	0	0	0
PR	Catano Municipio	6	0	0	0	0	0
PR	Cayey Municipio	12	0	0	0	0	0
PR	Ciales Municipio	1	0	0	0	0	0
PR	Coamo Municipio	2	0	0	0	0	0
PR	Corozal Municipio	6	0	0	0	0	0
PR	Dorado Municipio	2	0	0	0	0	0
PR	Fajardo Municipio	2	0	0	0	0	0
PR	Guayama Municipio	2	0	0	0	0	0
PR	Guaynabo Municipio	14	0	0	0	0	0
PR	Hatillo Municipio	1	0	0	0	0	0
PR	Humacao Municipio	11	0	0	0	0	0
PR	Lajas Municipio	1	0	0	0	0	0
PR	Las Piedras Municipio	3	0	0	0	0	0
PR	Manati Municipio	3	0	0	0	0	0
PR	Mayagueez Municipio	59	0	0	0	0	0
PR	Moca Municipio	2	0	0	0	0	0
PR	Morovis Municipio	5	0	0	0	0	0
PR	Municipio de Isabela	1	0	0	0	0	0
PR	Municipio de Juncos	1	0	0	0	0	0
PR	Naranjito Municipio	12	0	0	0	0	0
PR	Orocovis Municipio	2	0	0	0	0	0
PR	Penuelas Municipio	1	0	0	0	0	0
PR	Ponce Municipio	15	0	0	0	0	0
PR	Quebradillas Municipio	3	0	0	0	0	0
PR	Rio Grande Municipio	12	0	0	0	0	0
PR	Sabana Grande Municipio	2	0	0	0	0	0
PR	Salinas Municipio	1	0	0	0	0	0
PR	San Juan	202	0	0	0	0	0
PR	San Sebastian Municipio	4	0	0	0	0	0
PR	Santa Isabel Municipio	1	0	0	0	0	0
PR	Toa Alta Municipio	6	0	0	0	0	0
PR	Toa Baja Municipio	11	0	0	0	0	0
PR	Unknown	100	0	0	0	0	0
PR	Utuado Municipio	1	0	0	0	0	0
PR	Vega Alta Municipio	3	0	0	0	0	0
PR	Vega Baja Municipio	16	0	0	0	0	0
PR	Vieques Municipality	1	0	0	0	0	0
PS	Gaza Strip	91	0	0	0	0	0
PS	Unknown	217	0	0	0	0	0
PS	West Bank	206	0	0	0	0	0
PT	Aveiro	201	0	0	0	0	0
PT	Azores	120	0	0	0	0	0
PT	Bragança	13	0	0	0	0	0
PT	Distrito da Guarda	23	0	0	0	0	0
PT	Distrito de Beja	24	0	0	0	0	0
PT	Distrito de Braga	441	0	0	0	0	0
PT	Distrito de Castelo Branco	91	0	0	0	0	0
PT	Distrito de Coimbra	256	0	0	0	0	0
PT	Distrito de Evora	73	0	0	0	0	0
PT	Distrito de Faro	1607	0	4	1	0	0
PT	Distrito de Leiria	260	0	0	0	0	0
PT	Distrito de Portalegre	11	0	0	0	0	0
PT	Distrito de Santarem	92	0	0	0	0	0
PT	Distrito de Viana do Castelo	56	0	0	0	0	0
PT	Distrito de Vila Real	15	0	0	0	0	0
PT	Distrito de Viseu	63	0	0	0	0	0
PT	Distrito do Porto	914	0	0	0	0	0
PT	Lisbon	5230	0	0	0	0	0
PT	Madeira	370	0	0	0	0	0
PT	Setúbal	412	0	0	0	0	0
PT	Unknown	2698	0	0	0	0	0
PW	Unknown	10	0	0	0	0	0
PY	Asuncion	385	0	0	0	0	0
PY	Departamento Central	16	0	0	0	0	0
PY	Departamento de Itapua	1	0	0	0	0	0
PY	Departamento de la Cordillera	1	0	0	0	0	0
PY	Departamento del Alto Parana	12	0	0	0	0	0
PY	Departamento del Guaira	1	0	0	0	0	0
PY	Unknown	14	0	0	0	0	0
QA	Baladiyat ad Dawhah	768	0	0	0	0	0
QA	Baladiyat al Khawr wa adh Dhakhirah	2	0	0	0	0	0
QA	Baladiyat ar Rayyan	3	0	0	0	0	0
QA	Baladiyat ash Shamal	4	0	0	0	0	0
QA	Baladiyat az Za'ayin	1	0	0	0	0	0
QA	Unknown	28	0	0	0	0	0
RE	Unknown	173	0	0	0	0	0
RO	Arad	228	0	0	0	0	0
RO	Bihor	311	0	0	0	0	0
RO	Bucuresti	3323	0	0	0	0	0
RO	Constanta	253	0	0	0	0	0
RO	Covasna	15	0	0	0	0	0
RO	Dolj	339	0	0	0	0	0
RO	Giurgiu	17	0	0	0	0	0
RO	Gorj	48	0	0	0	0	0
RO	Harghita	109	0	0	0	0	0
RO	Hunedoara	80	0	0	0	0	0
RO	Ilfov	87	0	0	0	0	0
RO	Judetul Alba	67	0	0	0	0	0
RO	Judetul Arges	169	0	0	0	0	0
RO	Judetul Bacau	91	0	0	0	0	0
RO	Judetul Bistrita-Nasaud	57	0	0	0	0	0
RO	Judetul Botosani	52	0	0	0	0	0
RO	Judetul Braila	56	0	0	0	0	0
RO	Judetul Brasov	300	0	0	0	0	0
RO	Judetul Buzau	90	0	0	0	0	0
RO	Judetul Calarasi	46	0	0	0	0	0
RO	Judetul Caras-Severin	59	0	0	0	0	0
RO	Judetul Cluj	1328	0	0	0	0	0
RO	Judetul Dambovita	71	0	0	0	0	0
RO	Judetul Galati	193	0	0	0	0	0
RO	Judetul Ialomita	60	0	0	0	0	0
RO	Judetul Iasi	489	0	0	0	0	0
RO	Judetul Mehedinti	4	0	0	0	0	0
RO	Judetul Mures	597	0	0	0	0	0
RO	Judetul Neamt	129	0	0	0	0	0
RO	Judetul Salaj	43	0	0	0	0	0
RO	Judetul Sibiu	218	0	0	0	0	0
RO	Judetul Timis	944	0	0	0	0	0
RO	Judetul Valcea	57	0	0	0	0	0
RO	Maramureş	132	0	0	0	0	0
RO	Olt	69	0	0	0	0	0
RO	Prahova	224	0	0	0	0	0
RO	Satu Mare	82	0	0	0	0	0
RO	Suceava	139	0	0	0	0	0
RO	Teleorman	35	0	0	0	0	0
RO	Tulcea	53	0	0	0	0	0
RO	Unknown	14262	0	0	0	0	0
RO	Vaslui	46	0	0	0	0	0
RO	Vrancea	46	0	0	0	0	0
RS	Central Serbia	8414	0	0	0	0	0
RS	Unknown	1204	0	0	0	0	0
RS	Vojvodina	1338	0	0	0	0	0
RU	Altai Krai	148	0	0	0	0	0
RU	Amurskaya Oblast'	26	0	0	0	0	0
RU	Arkhangelskaya	265	0	0	0	0	0
RU	Astrakhanskaya Oblast'	45	0	0	0	0	0
RU	Bashkortostan	245	0	0	0	0	0
RU	Belgorodskaya Oblast'	106	0	0	0	0	0
RU	Bryanskaya Oblast'	96	0	0	0	0	0
RU	Chechnya	20	0	0	0	0	0
RU	Chelyabinsk	384	0	0	0	0	0
RU	Chukotskiy Avtonomnyy Okrug	1	0	0	0	0	0
RU	Chuvashia	98	0	0	0	0	0
RU	Dagestan	36	0	0	0	0	0
RU	Irkutskaya Oblast'	237	0	0	0	0	0
RU	Ivanovskaya Oblast'	105	0	0	0	0	0
RU	Kabardino-Balkarskaya Respublika	22	0	0	0	0	0
RU	Kaliningradskaya Oblast'	300	0	0	0	0	0
RU	Kalmykiya	12	0	0	0	0	0
RU	Kaluzhskaya Oblast'	120	0	0	0	0	0
RU	Kamtchatski Kray	7	0	0	0	0	0
RU	Karachayevo-Cherkesiya	10	0	0	0	0	0
RU	Kemerovskaya Oblast'	176	0	0	0	0	0
RU	Khabarovsk Krai	152	0	0	0	0	0
RU	Khanty-Mansiyskiy Avtonomnyy Okrug-Yugra	6421	0	0	0	0	0
RU	Kirovskaya Oblast'	116	0	0	0	0	0
RU	Komi Republic	283	0	0	0	0	0
RU	Kostromskaya Oblast'	31	0	0	0	0	0
RU	Krasnodarskiy Kray	595	0	0	0	0	0
RU	Krasnoyarskiy Kray	421	0	0	0	0	0
RU	Kurganskaya Oblast'	66	0	0	0	0	0
RU	Kurskaya Oblast'	199	0	0	0	0	0
RU	Leningrad	328	0	0	0	0	0
RU	Lipetskaya Oblast'	114	0	0	0	0	0
RU	Magadanskaya Oblast'	3	0	0	0	0	0
RU	Moscow	16335	0	0	0	0	0
RU	Moscow Oblast	1295	0	0	0	0	0
RU	Murmansk	158	0	0	0	0	0
RU	Nenetskiy Avtonomnyy Okrug	3	0	0	0	0	0
RU	Nizhegorodskaya Oblast'	440	0	0	0	0	0
RU	North Ossetia	15	0	0	0	0	0
RU	Novgorodskaya Oblast'	123	0	0	0	0	0
RU	Novosibirskaya Oblast'	697	0	0	0	0	0
RU	Omskaya Oblast'	377	0	0	0	0	0
RU	Orenburgskaya Oblast'	648	0	0	0	0	0
RU	Orlovskaya Oblast'	114	0	0	0	0	0
RU	Penzenskaya Oblast'	95	0	0	0	0	0
RU	Perm Krai	281	0	0	0	0	0
RU	Primorskiy Kray	230	0	0	0	0	0
RU	Pskovskaya Oblast'	78	0	0	0	0	0
RU	Republic of Karelia	454	0	0	0	0	0
RU	Respublika Adygeya	15	0	0	0	0	0
RU	Respublika Altay	3	0	0	0	0	0
RU	Respublika Buryatiya	49	0	0	0	0	0
RU	Respublika Ingushetiya	2	0	0	0	0	0
RU	Respublika Khakasiya	22	0	0	0	0	0
RU	Respublika Mariy-El	44	0	0	0	0	0
RU	Respublika Mordoviya	32	0	0	0	0	0
RU	Respublika Sakha (Yakutiya)	53	0	0	0	0	0
RU	Respublika Tyva	2	0	0	0	0	0
RU	Rostov	492	0	0	0	0	0
RU	Ryazanskaya Oblast'	87	0	0	0	0	0
RU	Sakhalinskaya Oblast'	31	0	0	0	0	0
RU	Samarskaya Oblast'	530	0	0	0	0	0
RU	Saratovskaya Oblast'	217	0	0	0	0	0
RU	Smolenskaya Oblast'	217	0	0	0	0	0
RU	Stavropol'skiy Kray	162	0	0	0	0	0
RU	St.-Petersburg	9647	0	0	0	0	0
RU	Sverdlovskaya Oblast'	979	0	0	0	0	0
RU	Tambovskaya Oblast'	58	0	0	0	0	0
RU	Tatarstan	609	0	0	0	0	0
RU	Tomskaya Oblast'	160	0	0	0	0	0
RU	Transbaikal Territory	113	0	0	0	0	0
RU	Tul'skaya Oblast'	221	0	0	0	0	0
RU	Tverskaya Oblast'	114	0	0	0	0	0
RU	Tyumenskaya Oblast'	111	0	0	0	0	0
RU	Udmurtskaya Respublika	163	0	0	0	0	0
RU	Ulyanovsk Oblast	103	0	0	0	0	0
RU	Unknown	6435	0	0	0	0	0
RU	Vladimirskaya Oblast'	115	0	0	0	0	0
RU	Volgogradskaya Oblast'	315	0	0	0	0	0
RU	Vologodskaya Oblast'	132	0	0	0	0	0
RU	Voronezhskaya Oblast'	322	0	0	0	0	0
RU	Yamalo-Nenetskiy Avtonomnyy Okrug	30	0	0	0	0	0
RU	Yaroslavskaya Oblast'	189	0	0	0	0	0
RW	Kigali	126	0	0	0	0	0
RW	Unknown	51	0	0	0	0	0
SA	Al Madinah al Munawwarah	20	0	0	0	0	0
SA	Al-Qassim	3	0	0	0	0	0
SA	Ar Riyāḑ	1016	0	0	0	0	0
SA	Eastern Province	190	0	0	0	0	0
SA	Jizan	20	0	0	0	0	0
SA	Makkah Province	1129	0	0	0	0	0
SA	Mintaqat 'Asir	4	0	0	0	0	0
SA	Mintaqat Ha'il	6	0	0	0	0	0
SA	Mintaqat Tabuk	1	0	0	0	0	0
SA	Unknown	279	0	0	0	0	0
SB	Guadalcanal Province	4	0	0	0	0	0
SC	Beau Vallon	9	0	0	0	0	0
SC	English River	53	0	0	0	0	0
SC	Unknown	8	0	0	0	0	0
SD	Khartoum	27	0	0	0	0	0
SD	Unknown	118	0	0	0	0	0
SE	Blekinge	328049	13	17	10	12	0
SE	Dalarna	560834	49	20	5	35	1
SE	Gävleborg	625350	41	31	8	23	2
SE	Gotland	123481	7	4	2	6	0
SE	Halland	672919	38	18	27	26	1
SE	Jämtland	254898	22	5	7	12	0
SE	Jönköping	691872	29	21	8	24	0
SE	Kalmar	516833	15	10	9	21	0
SE	Kronoberg	434344	22	15	7	26	0
SE	Norrbotten	648010	29	11	12	30	0
SE	Örebro	698652	22	28	7	30	1
SE	Östergötland	1182333	36	48	19	57	1
SE	Skåne	3575915	166	106	41	175	6
SE	Södermanland	605430	40	11	5	24	0
SE	Stockholm	8091661	323	255	109	282	13
SE	Unknown	2975193	154	118	60	106	1
SE	Uppsala	1118897	185	46	36	60	2
SE	Värmland	552218	25	11	3	24	0
SE	Västerbotten	907308	37	30	15	48	0
SE	Västernorrland	544625	23	29	6	18	0
SE	Västmanland	717248	28	18	12	23	1
SE	Västra Götaland	4483098	246	177	74	189	2
SG	Unknown	6563	0	1	0	0	0
SI	Beltinci	4	0	0	0	0	0
SI	Brda	11	0	0	0	0	0
SI	Brezovica	7	0	0	0	0	0
SI	Celje	102	0	0	0	0	0
SI	Cerklje na Gorenjskem	3	0	0	0	0	0
SI	Cerknica	7	0	0	0	0	0
SI	Cerkno	1	0	0	0	0	0
SI	Cerkvenjak	1	0	0	0	0	0
SI	Destrnik	2	0	0	0	0	0
SI	Dobrova-Polhov Gradec	2	0	0	0	0	0
SI	Dobrovnik	3	0	0	0	0	0
SI	Dolenjske Toplice	1	0	0	0	0	0
SI	Dol pri Ljubljani	10	0	0	0	0	0
SI	Dravograd	5	0	0	0	0	0
SI	Duplek	6	0	0	0	0	0
SI	Gorenja Vas-Poljane	5	0	0	0	0	0
SI	Gorje	3	0	0	0	0	0
SI	Gornja Radgona	4	0	0	0	0	0
SI	Gornji Grad	1	0	0	0	0	0
SI	Grosuplje	16	0	0	0	0	0
SI	Hajdina	7	0	0	0	0	0
SI	Horjul	3	0	0	0	0	0
SI	Hrastnik	15	0	0	0	0	0
SI	Idrija	14	0	0	0	0	0
SI	Ilirska Bistrica	10	0	0	0	0	0
SI	Izola	8	0	0	0	0	0
SI	Jesenice	19	0	0	0	0	0
SI	Kamnik	15	0	0	0	0	0
SI	Kanal	3	0	0	0	0	0
SI	Komenda	2	0	0	0	0	0
SI	Koper	109	0	0	0	0	0
SI	Kranj	111	0	0	0	0	0
SI	Kranjska Gora	2	0	0	0	0	0
SI	Kungota	1	0	0	0	0	0
SI	Lenart	2	0	0	0	0	0
SI	Lendava	1	0	0	0	0	0
SI	Litija	2	0	0	0	0	0
SI	Ljubljana	1813	0	0	0	0	0
SI	Ljutomer	2	0	0	0	0	0
SI	Logatec	8	0	0	0	0	0
SI	Log\u2013Dragomer	4	0	0	0	0	0
SI	Lukovica	2	0	0	0	0	0
SI	Maribor	329	0	0	0	0	0
SI	Medvode	40	0	0	0	0	0
SI	Mestna Obcina Novo mesto	33	0	0	0	0	0
SI	Miren-Kostanjevica	1	0	0	0	0	0
SI	Mokronog-Trebelno	1	0	0	0	0	0
SI	Moravske Toplice	2	0	0	0	0	0
SI	Mozirje	3	0	0	0	0	0
SI	Murska Sobota	23	0	0	0	0	0
SI	Naklo	4	0	0	0	0	0
SI	Nazarje	2	0	0	0	0	0
SI	Nova Gorica	80	0	0	0	0	0
SI	Obcina Ajdovscina	24	0	0	0	0	0
SI	Obcina Bled	12	0	0	0	0	0
SI	Obcina Bovec	1	0	0	0	0	0
SI	Obcina Braslovce	1	0	0	0	0	0
SI	Obcina Brezice	13	0	0	0	0	0
SI	Obcina Crensovci	1	0	0	0	0	0
SI	Obcina Divaca	2	0	0	0	0	0
SI	Obcina Domzale	39	0	0	0	0	0
SI	Obcina Gorisnica	2	0	0	0	0	0
SI	Obcina Hoce-Slivnica	9	0	0	0	0	0
SI	Obcina Ivancna Gorica	5	0	0	0	0	0
SI	Obcina Jursinci	2	0	0	0	0	0
SI	Obcina Kidricevo	3	0	0	0	0	0
SI	Obcina Kocevje	7	0	0	0	0	0
SI	Obcina Krizevci	2	0	0	0	0	0
SI	Obcina Krsko	10	0	0	0	0	0
SI	Obcina Lasko	3	0	0	0	0	0
SI	Obcina Loska Dolina	3	0	0	0	0	0
SI	Obcina Majsperk	2	0	0	0	0	0
SI	Obcina Menges	3	0	0	0	0	0
SI	Obcina Miklavz na Dravskem Polju	6	0	0	0	0	0
SI	Obcina Ormoz	3	0	0	0	0	0
SI	Obcina Poljcane	14	0	0	0	0	0
SI	Obcina Race-Fram	12	0	0	0	0	0
SI	Obcina Radece	3	0	0	0	0	0
SI	Obcina Ravne na Koroskem	2	0	0	0	0	0
SI	Obcina Rence-Vogrsko	21	0	0	0	0	0
SI	Obcina Rogaska Slatina	12	0	0	0	0	0
SI	Obcina Ruse	5	0	0	0	0	0
SI	Obcina Semic	7	0	0	0	0	0
SI	Obcina Sempeter-Vrtojba	6	0	0	0	0	0
SI	Obcina Sencur	1	0	0	0	0	0
SI	Obcina Sentilj	1	0	0	0	0	0
SI	Obcina Sentjernej	3	0	0	0	0	0
SI	Obcina Sentjur	8	0	0	0	0	0
SI	Obcina Sezana	13	0	0	0	0	0
SI	Obcina Skofljica	7	0	0	0	0	0
SI	Obcina Smartno ob Paki	1	0	0	0	0	0
SI	Obcina Sostanj	3	0	0	0	0	0
SI	Obcina Starse	2	0	0	0	0	0
SI	Obcina Store	2	0	0	0	0	0
SI	Obcina Sveti Tomaz	1	0	0	0	0	0
SI	Obcina Tolmin	2	0	0	0	0	0
SI	Obcina Trnovska vas	1	0	0	0	0	0
SI	Obcina Trzic	6	0	0	0	0	0
SI	Obcina Turnisce	1	0	0	0	0	0
SI	Obcina Velike Lasce	1	0	0	0	0	0
SI	Obcina Zalec	8	0	0	0	0	0
SI	Obcina Zelezniki	5	0	0	0	0	0
SI	Obcina Ziri	4	0	0	0	0	0
SI	Obcina Zrece	5	0	0	0	0	0
SI	Odranci	2	0	0	0	0	0
SI	Pesnica	4	0	0	0	0	0
SI	Piran	32	0	0	0	0	0
SI	Polzela	5	0	0	0	0	0
SI	Postojna	7	0	0	0	0	0
SI	Prebold	4	0	0	0	0	0
SI	Preddvor	3	0	0	0	0	0
SI	Prevalje	3	0	0	0	0	0
SI	Ptuj	48	0	0	0	0	0
SI	Radenci	2	0	0	0	0	0
SI	Radlje ob Dravi	8	0	0	0	0	0
SI	Radovljica	50	0	0	0	0	0
SI	Ribnica	4	0	0	0	0	0
SI	Selnica ob Dravi	3	0	0	0	0	0
SI	Sevnica	20	0	0	0	0	0
SI	Škofja Loka	15	0	0	0	0	0
SI	Slovenj Gradec	5	0	0	0	0	0
SI	Slovenska Bistrica	12	0	0	0	0	0
SI	Slovenske Konjice	4	0	0	0	0	0
SI	Trbovlje	24	0	0	0	0	0
SI	Trebnje	15	0	0	0	0	0
SI	Trzin	15	0	0	0	0	0
SI	Unknown	840	1	0	0	0	0
SI	Velenje	93	0	0	0	0	0
SI	Videm	1	0	0	0	0	0
SI	Vipava	16	0	0	0	0	0
SI	Vodice	2	0	0	0	0	0
SI	Vojnik	2	0	0	0	0	0
SI	Vrhnika	9	0	0	0	0	0
SI	Vuzenica	1	0	0	0	0	0
SI	Zagorje ob Savi	16	0	0	0	0	0
SJ	Svalbard	2	0	0	0	0	0
SK	Banskobystricky kraj	503	0	0	0	0	0
SK	Bratislavsky kraj	2328	0	0	0	0	0
SK	Kosicky kraj	1276	0	0	0	0	0
SK	Nitriansky kraj	703	0	0	0	0	0
SK	Presovsky kraj	426	0	0	0	0	0
SK	Trenciansky kraj	183	0	0	0	0	0
SK	Trnavsky kraj	527	0	0	0	0	0
SK	Unknown	1741	0	0	0	0	0
SK	Zilinsky kraj	917	0	0	0	0	0
SL	Unknown	16	0	0	0	0	0
SL	Western Area	17	0	0	0	0	0
SM	Castello di Acquaviva	1	0	0	0	0	0
SM	Castello di Borgo Maggiore	1	0	0	0	0	0
SM	Castello di Domagnano	2	0	0	0	0	0
SM	Castello di San Marino Citta	5	0	0	0	0	0
SM	Serravalle	23	0	0	0	0	0
SN	Dakar	221	0	0	0	0	0
SN	Fatick	1	0	0	0	0	0
SN	Unknown	96	0	0	0	0	0
SO	Banaadir	96	2	0	0	0	0
SO	Unknown	386	0	0	0	0	0
SR	Distrikt Nickerie	7	0	0	0	0	0
SR	Distrikt Paramaribo	108	0	0	0	0	0
SR	Unknown	3	0	0	0	0	0
SS	Central Equatoria	7	0	0	0	0	0
SS	Unknown	2	0	0	0	0	0
ST	Unknown	3	0	0	0	0	0
SV	Departamento de Ahuachapan	4	0	0	0	0	0
SV	Departamento de Cuscatlan	2	0	0	0	0	0
SV	Departamento de La Libertad	25	0	0	0	0	0
SV	Departamento de La Union	1	0	0	0	0	0
SV	Departamento de San Miguel	5	0	0	0	0	0
SV	Departamento de San Salvador	321	0	0	0	0	0
SV	Departamento de Santa Ana	6	0	0	0	0	0
SV	Departamento de San Vicente	1	0	0	0	0	0
SV	Departamento de Sonsonate	10	0	0	0	0	0
SV	Departamento de Usulutan	2	0	0	0	0	0
SV	Unknown	1	0	0	0	0	0
SX	Unknown	30	0	0	0	0	0
SY	Damascus Governorate	4	0	0	0	0	0
SY	Latakia Governorate	34	0	0	0	0	0
SY	Unknown	254	0	0	0	0	0
SZ	Hhohho District	10	0	0	0	0	0
SZ	Manzini District	4	0	0	0	0	0
TC	Unknown	16	0	0	0	0	0
TD	Chari-Baguirmi Region	10	0	0	0	0	0
TD	Unknown	2	0	0	0	0	0
TG	Maritime	41	0	0	0	0	0
TG	Unknown	10	0	0	0	0	0
TH	Bangkok	14608	0	1	0	0	0
TH	Changwat Amnat Charoen	2	0	0	0	0	0
TH	Changwat Buriram	90	0	0	0	0	0
TH	Changwat Chachoengsao	10	0	0	0	0	0
TH	Changwat Chaiyaphum	13	0	0	0	0	0
TH	Changwat Chanthaburi	243	0	0	0	0	0
TH	Changwat Chiang Rai	236	0	0	0	0	0
TH	Changwat Chon Buri	2814	0	1	0	0	0
TH	Changwat Chumphon	6	0	0	0	0	0
TH	Changwat Kalasin	10	0	0	0	0	0
TH	Changwat Kamphaeng Phet	36	0	0	0	0	0
TH	Changwat Kanchanaburi	42	0	0	0	0	0
TH	Changwat Khon Kaen	277	0	0	0	0	0
TH	Changwat Krabi	329	1	0	0	0	0
TH	Changwat Lampang	29	0	0	0	0	0
TH	Changwat Lamphun	10	0	0	0	0	0
TH	Changwat Loei	12	0	0	0	0	0
TH	Changwat Mae Hong Son	3	0	0	0	0	0
TH	Changwat Mukdahan	1	0	0	0	0	0
TH	Changwat Nakhon Pathom	119	0	0	0	0	0
TH	Changwat Nakhon Phanom	2	0	0	0	0	0
TH	Changwat Nakhon Ratchasima	189	0	0	0	0	0
TH	Changwat Nakhon Sawan	29	0	0	0	0	0
TH	Changwat Nakhon Si Thammarat	1	0	0	0	0	0
TH	Changwat Nan	22	0	0	0	0	0
TH	Changwat Narathiwat	3	0	0	0	0	0
TH	Changwat Nong Bua Lamphu	3	0	0	0	0	0
TH	Changwat Nonthaburi	314	0	0	0	0	0
TH	Changwat Pathum Thani	116	0	0	0	0	0
TH	Changwat Pattani	15	0	0	0	0	0
TH	Changwat Phangnga	14	0	0	0	0	0
TH	Changwat Phatthalung	6	0	0	0	0	0
TH	Changwat Phayao	15	0	0	0	0	0
TH	Changwat Phetchabun	6	0	0	0	0	0
TH	Changwat Phetchaburi	573	0	0	0	0	0
TH	Changwat Phichit	15	0	0	0	0	0
TH	Changwat Phitsanulok	140	0	0	0	0	0
TH	Changwat Phrae	8	0	0	0	0	0
TH	Changwat Phra Nakhon Si Ayutthaya	113	0	0	0	0	0
TH	Changwat Prachuap Khiri Khan	580	0	0	0	0	0
TH	Changwat Ranong	2	0	0	0	0	0
TH	Changwat Ratchaburi	71	0	0	0	0	0
TH	Changwat Rayong	1130	0	0	0	1	0
TH	Changwat Roi Et	9	0	0	0	0	0
TH	Changwat Sakon Nakhon	9	0	0	0	0	0
TH	Changwat Samut Prakan	46	0	0	0	0	0
TH	Changwat Samut Sakhon	150	0	0	0	0	0
TH	Changwat Samut Songkhram	3	0	0	0	0	0
TH	Changwat Sara Buri	4	0	0	0	0	0
TH	Changwat Satun	10	0	0	0	0	0
TH	Changwat Sisaket	10	0	0	0	0	0
TH	Changwat Songkhla	327	0	0	0	0	0
TH	Changwat Sukhothai	3	0	0	0	0	0
TH	Changwat Suphan Buri	3	0	0	0	0	0
TH	Changwat Surat Thani	612	0	0	1	0	0
TH	Changwat Surin	50	0	0	0	0	0
TH	Changwat Tak	16	0	0	0	0	0
TH	Changwat Trang	16	0	0	0	0	0
TH	Changwat Trat	103	0	0	0	0	0
TH	Changwat Ubon Ratchathani	109	0	0	0	0	0
TH	Changwat Udon Thani	277	0	0	0	0	0
TH	Changwat Uthai Thani	9	0	0	0	0	0
TH	Changwat Uttaradit	11	0	0	0	0	0
TH	Changwat Yala	38	0	0	0	0	0
TH	Changwat Yasothon	38	0	0	0	0	0
TH	Chiang Mai Province	1383	0	0	0	0	0
TH	Phuket	1919	0	0	0	0	0
TH	Unknown	6897	2	0	1	0	0
TJ	Gorno-Badakhshan	2	0	0	0	0	0
TJ	Unknown	5945	0	0	0	0	0
TJ	Viloyati Sughd	9	0	0	0	0	0
TL	Dili	11	0	0	0	0	0
TL	Unknown	13	0	0	0	0	0
TM	Ahal	25	0	0	0	0	0
TM	Unknown	2	0	0	0	0	0
TN	Gafsa	3	0	0	0	0	0
TN	Gouvernorat de Ben Arous	3	0	0	0	0	0
TN	Gouvernorat de l'Ariana	34	0	0	0	0	0
TN	Gouvernorat de Nabeul	7	0	0	0	0	0
TN	Gouvernorat de Sfax	9	0	0	0	0	0
TN	Gouvernorat de Sidi Bouzid	2	0	0	0	0	0
TN	Gouvernorat de Sousse	7	0	0	0	0	0
TN	Gouvernorat de Tunis	160	0	0	0	0	0
TN	Gouvernorat de Zaghouan	1	0	0	0	0	0
TN	Manouba	4	0	0	0	0	0
TN	Tataouine	1	0	0	0	0	0
TN	Unknown	1465	0	0	0	0	0
TO	Unknown	7	0	0	0	0	0
TR	Adana	441	0	0	0	0	0
TR	Adiyaman	7	0	0	0	0	0
TR	Afyonkarahisar	50	0	0	0	0	0
TR	Ağrı	6	0	0	0	0	0
TR	Aksaray	48	0	0	0	0	0
TR	Amasya	28	0	0	0	0	0
TR	Ankara	2192	0	0	0	0	0
TR	Antalya	1470	0	0	0	0	0
TR	Ardahan	2	0	0	0	0	0
TR	Artvin	14	0	0	0	0	0
TR	Aydın	137	0	0	0	0	0
TR	Balıkesir	152	0	0	0	0	0
TR	Bartın	28	0	0	0	0	0
TR	Batman	40	0	0	0	0	0
TR	Bayburt	2	0	0	0	0	0
TR	Bilecik	30	0	0	0	0	0
TR	Bingöl	4	0	0	0	0	0
TR	Bitlis	4	0	0	0	0	0
TR	Bolu	56	0	0	0	0	0
TR	Burdur	3	0	0	0	0	0
TR	Bursa	550	0	0	0	0	0
TR	Çanakkale	106	0	0	0	0	0
TR	Çankırı	18	0	0	0	0	0
TR	Çorum	24	0	0	0	0	0
TR	Denizli	161	0	0	0	0	0
TR	Diyarbakir	110	0	0	0	0	0
TR	Duezce	30	0	0	0	0	0
TR	Edirne	53	0	0	0	0	0
TR	Elazığ	33	0	0	0	0	0
TR	Erzincan	10	0	0	0	0	0
TR	Erzurum	37	0	0	0	0	0
TR	Eskişehir	207	0	0	0	0	0
TR	Gaziantep	163	0	0	0	0	0
TR	Giresun	40	0	0	0	0	0
TR	Guemueshane	7	0	0	0	0	0
TR	Hakkâri	1	0	0	0	0	0
TR	Hatay	160	0	0	0	0	0
TR	Iğdır	3	0	0	0	0	0
TR	Isparta	80	0	0	0	0	0
TR	Istanbul	7794	0	0	0	0	0
TR	Izmir	2706	0	0	0	0	0
TR	Kahramanmaraş	67	0	0	0	0	0
TR	Karabuek	66	0	0	0	0	0
TR	Karaman	15	0	0	0	0	0
TR	Kars	21	0	0	0	0	0
TR	Kastamonu	47	0	0	0	0	0
TR	Kayseri	173	0	0	0	0	0
TR	Kilis	17	0	0	0	0	0
TR	Kırıkkale	22	0	0	0	0	0
TR	Kırklareli	44	0	0	0	0	0
TR	Kırşehir	10	0	0	0	0	0
TR	Kocaeli	361	0	0	0	0	0
TR	Konya	305	0	0	0	0	0
TR	Kütahya	49	0	0	0	0	0
TR	Malatya	62	0	0	0	0	0
TR	Manisa	193	0	0	0	0	0
TR	Mardin	57	0	0	0	0	0
TR	Mersin	253	0	0	0	0	0
TR	Muğla	253	0	0	0	0	0
TR	Muş	12	0	0	0	0	0
TR	Nevsehir	21	0	0	0	0	0
TR	Nigde	30	0	0	0	0	0
TR	Ordu	41	0	0	0	0	0
TR	Osmaniye	11	0	0	0	0	0
TR	Rize	40	0	0	0	0	0
TR	Sakarya	167	0	0	0	0	0
TR	Samsun	162	0	0	0	0	0
TR	Şanlıurfa	110	0	0	0	0	0
TR	Siirt	35	0	0	0	0	0
TR	Sinop	22	0	0	0	0	0
TR	Şırnak	17	0	0	0	0	0
TR	Sivas	59	0	0	0	0	0
TR	Tekirdağ	119	0	0	0	0	0
TR	Tokat	38	0	0	0	0	0
TR	Trabzon	152	0	0	0	0	0
TR	Unknown	3074	0	1	0	0	0
TR	Uşak	36	0	0	0	0	0
TR	Van	49	0	0	0	0	0
TR	Yalova	67	0	0	0	0	0
TR	Yozgat	23	0	0	0	0	0
TR	Zonguldak	67	0	0	0	0	0
TT	Borough of Arima	16	0	0	0	0	0
TT	Chaguanas	19	0	0	0	0	0
TT	City of Port of Spain	70	0	0	0	0	0
TT	City of San Fernando	20	0	0	0	0	0
TT	Couva-Tabaquite-Talparo	7	0	0	0	0	0
TT	Diego Martin	2	0	0	0	0	0
TT	Eastern Tobago	6	0	0	0	0	0
TT	Penal/Debe	3	0	0	0	0	0
TT	Point Fortin	1	0	0	0	0	0
TT	Princes Town	3	0	0	0	0	0
TT	Sangre Grande	2	0	0	0	0	0
TT	San Juan/Laventille	2	0	0	0	0	0
TT	Siparia	3	0	0	0	0	0
TT	Tobago	28	0	0	0	0	0
TT	Tunapuna/Piarco	62	0	0	0	0	0
TT	Unknown	16	0	0	0	0	0
TW	Kaohsiung	3	0	0	0	0	0
TW	Taipei	4685	0	0	0	0	0
TW	Taiwan	2238	0	0	0	0	0
TW	Unknown	1094	0	0	0	0	0
TZ	Arusha	70	0	0	0	0	0
TZ	Dar es Salaam Region	315	0	0	0	0	0
TZ	Mwanza	3	0	0	0	0	0
TZ	Tanga	6	0	0	0	0	0
TZ	Unknown	442	0	0	0	0	0
TZ	Zanzibar Urban/West	23	0	0	0	0	0
UA	Cherkas'ka Oblast'	259	0	0	0	0	0
UA	Chernihiv	97	0	0	0	0	0
UA	Chernivtsi	143	0	0	0	0	0
UA	Crimea	244	0	0	0	0	0
UA	Dnipropetrovska Oblast'	593	0	0	0	0	0
UA	Donets'ka Oblast'	438	0	0	0	0	0
UA	Ivano-Frankivs'ka Oblast'	61	0	0	0	0	0
UA	Kharkivs'ka Oblast'	997	0	0	0	0	0
UA	Khersons'ka Oblast'	159	0	0	0	0	0
UA	Khmel'nyts'ka Oblast'	82	0	0	0	0	0
UA	Kirovohrads'ka Oblast'	92	0	0	0	0	0
UA	Kyiv City	5967	0	0	1	0	0
UA	Kyiv Oblast	93	0	0	0	0	0
UA	Luhans'ka Oblast'	147	0	0	0	0	0
UA	L'vivs'ka Oblast'	1034	0	0	0	0	0
UA	Misto Sevastopol'	81	0	0	0	0	0
UA	Mykolayivs'ka Oblast'	127	0	0	0	0	0
UA	Odessa	774	0	0	0	0	0
UA	Poltavs'ka Oblast'	199	0	0	0	0	0
UA	Rivnens'ka Oblast'	109	0	0	0	0	0
UA	Sums'ka Oblast'	113	0	0	0	0	0
UA	Ternopil's'ka Oblast'	125	0	0	0	0	0
UA	Unknown	3722	0	2	0	0	0
UA	Vinnyts'ka Oblast'	122	0	0	0	0	0
UA	Volyns'ka Oblast'	167	0	0	0	0	0
UA	Zakarpattia Oblast	88	0	0	0	0	0
UA	Zaporizhia	3971	0	0	0	0	0
UA	Zhytomyrs'ka Oblast'	98	0	0	0	0	0
UG	Central Region	711	0	0	0	0	0
UG	Unknown	282	0	0	0	0	0
--	Unknown	194130	9	6	11	6	0
US	Alabama	3253	1	0	0	0	0
US	Alaska	345	0	0	0	0	0
US	Arizona	10031	1	0	2	0	0
US	Arkansas	488	0	0	0	0	0
US	California	255040	15	4	7	10	2
US	Colorado	8110	0	1	0	0	0
US	Connecticut	4265	0	0	0	0	0
US	Delaware	4476	0	0	0	0	0
US	District of Columbia	12387	0	0	0	0	0
US	Florida	29642	1	1	0	0	0
US	Georgia	22146	1	1	1	2	0
US	Hawaii	1310	0	0	0	0	0
US	Idaho	629	0	0	0	0	0
US	Illinois	21454	0	0	0	0	0
US	Indiana	2722	0	1	0	0	0
US	Iowa	2162	0	0	0	0	0
US	Kansas	900	0	0	0	0	0
US	Kentucky	1032	0	0	0	0	0
US	Louisiana	970	0	0	0	0	0
US	Maine	1267	0	0	0	0	0
US	Maryland	3810	0	0	0	0	0
US	Massachusetts	9733	0	0	0	0	0
US	Michigan	8884	0	0	0	0	0
US	Minnesota	4667	0	0	0	0	0
US	Mississippi	361	0	0	0	0	0
US	Missouri	4806	0	5	0	0	0
US	Montana	443	0	0	0	0	0
US	Nebraska	1287	0	1	0	0	0
US	Nevada	10659	0	0	1	0	0
US	New Hampshire	795	0	0	0	0	0
US	New Jersey	14963	1	0	1	1	0
US	New Mexico	6625	0	0	0	0	0
US	New York	226095	22	1	5	6	5
US	North Carolina	5241	0	0	0	0	0
US	North Dakota	403	0	0	0	0	0
US	Ohio	7176	1	0	0	0	0
US	Oklahoma	1090	0	0	1	0	0
US	Oregon	5458	0	0	0	0	0
US	Pennsylvania	6937	0	1	1	0	0
US	Rhode Island	749	0	0	0	0	0
US	South Carolina	1160	0	0	0	0	0
US	South Dakota	251	0	0	0	0	0
US	Tennessee	1917	0	0	0	0	0
US	Texas	109061	6	2	3	2	1
US	Unknown	40591	21	0	0	0	0
US	Utah	4052	0	0	0	0	0
US	Vermont	828	0	0	0	0	0
US	Virginia	702517	3	1	3	3	0
US	Washington	99654	8	1	1	1	1
US	West Virginia	389	0	0	0	0	0
US	Wisconsin	2985	0	0	0	0	0
US	Wyoming	5313	0	0	0	0	0
UY	Canelones	19	0	0	0	0	0
UY	Departamento de Montevideo	1444	0	0	0	0	0
UY	Departamento de Rivera	1	0	0	0	0	0
UY	Departamento de Salto	1	0	0	0	0	0
UY	Florida	3	0	0	0	0	0
UY	Maldonado	2	0	0	0	0	0
UY	Soriano	6	0	0	0	0	0
UZ	Toshkent Shahri	130	0	0	0	0	0
UZ	Unknown	81	0	0	0	0	0
VA	Unknown	7	0	0	0	0	0
VC	Parish of Charlotte	16	0	0	0	0	0
VC	Parish of Saint George	51	0	0	0	0	0
VC	Unknown	1	0	0	0	0	0
VE	Anzoátegui	11	0	0	0	0	0
VE	Aragua	90	0	0	0	0	0
VE	Barinas	13	0	0	0	0	0
VE	Bolívar	22	0	0	0	0	0
VE	Capital	486	0	0	0	0	0
VE	Carabobo	216	0	0	0	0	0
VE	Cojedes	1	0	0	0	0	0
VE	Estado Trujillo	3	0	0	0	0	0
VE	Falcón	7	0	0	0	0	0
VE	Guárico	21	0	0	0	0	0
VE	Lara	96	0	0	0	0	0
VE	Mérida	40	0	0	0	0	0
VE	Miranda	34	0	0	0	0	0
VE	Monagas	9	0	0	0	0	0
VE	Nueva Esparta	10	0	0	0	0	0
VE	Portuguesa	10	0	0	0	0	0
VE	Sucre	8	0	0	0	0	0
VE	Táchira	42	0	0	0	0	0
VE	Unknown	358	0	0	0	0	0
VE	Vargas	13	0	0	0	0	0
VE	Yaracuy	1	0	0	0	0	0
VE	Zulia	455	0	0	0	0	0
VG	Unknown	69	0	0	0	0	0
VI	Saint Croix Island	28	0	0	0	0	0
VI	Saint John Island	1	0	0	0	0	0
VI	Saint Thomas Island	11	0	0	0	0	0
VI	Unknown	17	0	0	0	0	0
VN	An Giang	6	0	0	0	0	0
VN	Gia Lai	5	0	0	0	0	0
VN	Ho Chi Minh City	3295	0	0	0	0	0
VN	Kon Tum	1	0	0	0	0	0
VN	Thanh Pho Can Tho	42	0	0	0	0	0
VN	Thanh Pho GJa Nang	175	0	0	0	0	0
VN	Thanh Pho Hai Phong	47	0	0	0	0	0
VN	Thanh Pho Ha Noi	4024	0	0	0	0	0
VN	Tinh Bac Giang	9	0	0	0	0	0
VN	Tinh Bac Ninh	13	0	0	0	0	0
VN	Tinh Ba Ria-Vung Tau	12	0	0	0	0	0
VN	Tinh Binh Duong	3	0	0	0	0	0
VN	Tinh Binh GJinh	8	0	0	0	0	0
VN	Tinh Binh Thuan	5	0	0	0	0	0
VN	Tinh Ca Mau	3	0	0	0	0	0
VN	Tinh Dien Bien	1	0	0	0	0	0
VN	Tinh GJak Lak	5	0	0	0	0	0
VN	Tinh GJong Nai	22	0	0	0	0	0
VN	Tinh Ha Giang	1	0	0	0	0	0
VN	Tinh Hai Duong	5	0	0	0	0	0
VN	Tinh Ha Tinh	23	0	0	0	0	0
VN	Tinh Hung Yen	2	0	0	0	0	0
VN	Tinh Khanh Hoa	53	0	0	0	0	0
VN	Tinh Lam GJong	10	0	0	0	0	0
VN	Tinh Lao Cai	2	0	0	0	0	0
VN	Tinh Nam GJinh	3	0	0	0	0	0
VN	Tinh Nghe An	16	0	0	0	0	0
VN	Tinh Ninh Binh	3	0	0	0	0	0
VN	Tinh Ninh Thuan	1	0	0	0	0	0
VN	Tinh Phu Tho	9	0	0	0	0	0
VN	Tinh Phu Yen	11	0	0	0	0	0
VN	Tinh Quang Binh	2	0	0	0	0	0
VN	Tinh Quang Nam	26	0	0	0	0	0
VN	Tinh Quang Ngai	16	0	0	0	0	0
VN	Tinh Quang Tri	2	0	0	0	0	0
VN	Tinh Soc Trang	4	0	0	0	0	0
VN	Tinh Tay Ninh	5	0	0	0	0	0
VN	Tinh Thai Binh	2	0	0	0	0	0
VN	Tinh Thai Nguyen	9	0	0	0	0	0
VN	Tinh Thanh Hoa	74	0	0	0	0	0
VN	Tinh Thua Thien-Hue	32	0	0	0	0	0
VN	Tinh Tien Giang	2	0	0	0	0	0
VN	Tinh Tra Vinh	9	0	0	0	0	0
VN	Tinh Tuyen Quang	3	0	0	0	0	0
VN	Tinh Vinh Long	2	0	0	0	0	0
VN	Tinh Vinh Phuc	2	0	0	0	0	0
VN	Unknown	12	0	0	0	0	0
VU	Shefa Province	44	0	0	0	0	0
WF	Unknown	2	0	0	0	0	0
WS	Tuamasaga	1	0	0	0	0	0
WS	Unknown	2	0	0	0	0	0
XK	Komuna e Ferizajt	11	0	0	0	0	0
XK	Komuna e Gjilanit	102	0	0	0	0	0
XK	Komuna e Istogut	5	0	0	0	0	0
XK	Komuna e Mitrovices	2	0	0	0	0	0
XK	Komuna e Pejes	1	0	0	0	0	0
XK	Komuna e Prishtines	47	0	0	0	0	0
XK	Komuna e Shtimes	2	0	0	0	0	0
XK	Komuna e Skenderajt	19	0	0	0	0	0
XK	Kosovo Polje	17	0	0	0	0	0
XK	Lipjan	6	0	0	0	0	0
XK	Podujevo	7	0	0	0	0	0
XK	Prizren	36	0	0	0	0	0
XK	Vushtrri	2	0	0	0	0	0
YE	Muhafazat Hadramawt	20	0	0	0	0	0
YE	Sanaa	8	0	0	0	0	0
YE	Unknown	68	0	0	0	0	0
YT	Chiconi	1	0	0	0	0	0
YT	Koungou	1	0	0	0	0	0
YT	Mamoudzou	16	0	0	0	0	0
YT	Pamandzi	1	0	0	0	0	0
YT	Unknown	1	0	0	0	0	0
ZA	Eastern Cape	179	0	0	0	0	0
ZA	Gauteng	1609	0	0	0	0	0
ZA	KwaZulu-Natal	321	0	0	0	0	0
ZA	Limpopo	98	0	0	0	0	0
ZA	Mpumalanga	23	0	0	0	0	0
ZA	Northern Cape	24	0	0	0	0	0
ZA	Orange Free State	39	0	0	0	0	0
ZA	Province of North West	32	0	0	0	0	0
ZA	Province of the Western Cape	2365	0	0	0	0	0
ZA	Unknown	410	0	0	0	0	0
ZM	Copperbelt	1	0	0	0	0	0
ZM	Luapula Province	13	0	0	0	0	0
ZM	Lusaka Province	118	0	0	0	0	0
ZM	Northern Province	1	0	0	0	0	0
ZM	North-Western Province	49	0	0	0	0	0
ZM	Southern Province	1	0	0	0	0	0
ZM	Unknown	36	0	0	0	0	0
ZM	Western Province	58	0	0	0	0	0
ZW	Bulawayo	1	0	0	0	0	0
ZW	Harare	152	0	0	0	0	0
ZW	Unknown	73	0	0	0	0	0
